234647964,可嗎可嗎可嗎可嗎可嗎可嗎可嗎可嗎可嗎可嗎,可以發文嗎,2020-10-20T13:48:14.995Z,2020-11-09T10:46:55.299Z,2,0,F
232752536,今年好忙，好想休息一下啊！但休息會沒工作😭這裡發文有限制嗎？,聖誕節到了,2019-12-24T13:12:28.400Z,2020-11-09T10:46:55.085Z,0,2,F
231679899,"但是我午夜都睡不著
喔喔喔喔喔喔",午夜實驗室,2019-07-15T07:49:52.747Z,2020-11-09T10:46:55.113Z,4,5,F
230470540,從通知進來的，不知道能不能發發廢文，我會努力湊15字的😶,這裡可以發廢文嗎🤔,2019-01-09T17:14:56.905Z,2019-01-09T17:14:56.905Z,3,1,F
230002103,"有空和男友去到華山Dcard午夜實驗室一探究竟
順便看看其他展覽
因為我們沒有事先預約
只有在附近晃晃 沒有進去到裡面的展場
外面攤位有一些活動可獲得代幣
男友就剛好一抽入魂抽中藍袋🤔
而我只有Dcard冷知識......
不過最後藍袋還是歸我了😂由我來分享一波～
-
藍袋有蠻多不同品牌的小小試用包
從保養、底妝、口紅、指甲油產品一應俱全
https://i.imgur.com/vAsPg5j.jpg
（sofina小樣每個款式皆有兩瓶）
大概是這樣子～～
-
很多都還沒使用 
不過剛好經期來了，就先拆了衛生棉來用
之前沒有特別聽過這個牌子
感覺是標榜使用後除了舒適還能有保養的作用
https://i.imgur.com/IiyUKFM.jpg
一開始使用在包裝上就滿貼心的
在右側有一個開口可以直接打開取用
https://i.imgur.com/n13GqtW.jpg
那我是拿到日用量多的，是25.5公分
我自己使用的感覺是還滿長的，不易外漏
重點是草本抑菌！涼涼的好舒服呀～
薄荷涼的感覺很明顯，但不會刺激皮膚
像我自己是使用衛生棉後附近皮膚容易過敏的人，容易起濕疹
我親自實測的感覺是還滿舒服的，不太有負擔感
心情自然也就比較好一點😆
⚠️如果不喜歡太涼的人就要再斟酌一下⚠️
其他上面廣告單所寫的一些效果
實際比較能感覺到的除了涼感之外
對我來說就是經血臭味少很多、不悶，吸附能力也不錯
至於廣告單提到能夠減少暗沉的部分，就見仁見智了🤣
總而言之我自己使用效果還滿喜歡的，是會想回購的一款商品。",藍袋分享&唯白衛生棉試用感受,2018-11-05T21:21:21.105Z,2018-11-05T21:21:21.105Z,1,9,F
229994375,"第一次玩☺️
要15個字
有人一樣睡不著嗎哈哈",睡不著寫1,2018-11-04T18:48:18.197Z,2018-11-04T18:48:18.197Z,4,8,F
229908597,"大家好，我是閃光✨
不是你的閃光，是 Dcard 午夜實驗室的偉大科學家 - 閃光。


今天閃光要來幕後花絮大直擊！
小閃光們準備好一起回顧 Dcard 午夜實驗室了嗎？


先進一段精彩 VCR ～🎥
-影片連結: https://www.youtube.com/watch?v=Upzwam8ocK0


再來登場的是 Dcard 特製攤位！


❤️讓你臉紅心跳的【抽卡實驗室】

http://i.imgur.com/coiEqvb.png

抽卡搬到午夜實驗室中啦！
讓我先瞧你一眼👀
只要雙方都開啟命運之門，就會遇見午夜的卡友～


📷網紅拍拍拍拍不停的【快門實驗室】

http://i.imgur.com/UJmvYSR.jpg

【午夜球池】、【雜誌框】迷幻午夜風讓你不用濾鏡就超好拍！
轉身到【印照區】上傳照片加上 #dcard 就能將美照印出來～✨

http://i.imgur.com/d1Zjrei.jpg

🍭甜蜜毒藥＆夢幻棉花糖氣泡飲【繽紛實驗室】

http://i.imgur.com/o5On92o.jpg

http://i.imgur.com/wDVfDUc.png


超可愛試管造型糖果🍬
還有女孩們超愛的夢幻棉花糖氣泡飲～
Dcard 特製隨身杯讓你環保帶著走！



⚡️心跳加速緊張刺激【電流實驗室】

http://i.imgur.com/QRh2Kkm.jpg

滴答滴答時間正在到數⏰在電流實驗室你要小心翼翼！
緊張感一不小心就會讓你出局重新來過💦
和朋友一起合作努力到達終點吧～



🎁 裝滿 Dcard 秘密和小禮物的驚喜【扭蛋機】

http://i.imgur.com/8bWP47T.jpg

Dcard 彩蛋大公開～轉開你的扭蛋看看裝了什麼驚喜❓
還有許多小禮物讓你帶回家👣


接著登場的是 Dcard 午夜實驗室的客座教授們！


第一位客座教授【ASUS】

http://i.imgur.com/ZQYAQC4.jpg

大學生活就是要每分每秒都驚艷！
閃光我跑來ASUS雙V研究室玩啦～
跟著ASUS教授一起玩勝精彩嘿嘿✌
豪羨慕別人都有妹子可以合照我沒有😂
那～麽美的背板和沙發我只好自己獨享惹😎


第二位客座教授【Costa 郵輪】

http://i.imgur.com/i1b67yI.jpg

哇～好多人都在這塊海洋背板前拍照呀！
看得閃光我也好想出海度假XD
幸好現場就可以報名郵輪出航🛳～
大學生限定！大學憶起旅行，郵輪U&Me
史上最年輕郵輪團，一起join吧！ 


第三位客座教授【MeMe直播】

http://i.imgur.com/GtLqR14.jpg

咦咦？活動場內繞樑的音樂聲從哪來？
原來是火熱的MeMe直播啦🔥
現場的精緻小舞臺，不但讓午夜卡友都能嘶吼歌唱
還有大螢幕讓閃光我直播看好看滿❤
不多說，已經手刀下載MeMe APP惹😂


第四位客座教授【Microsoft微軟】

http://i.imgur.com/U9FzYZF.png

在戶外，看著人潮聚集體驗最新科技
閃光馬上跟風，嘗試超夯der臉部辨識功能
果然電腦瞬間就辨識出我帥到沒朋友的臉▰˘◡˘▰
到這裡跟著微軟一起成為新一代宗師！
來逛午夜實驗室，走在3C尖端94我🤘



第五位客座教授【ORBIS】

http://i.imgur.com/o3OxFV1.jpg

哇～超美設計瞬間抓住小閃光們的眼球👀
看著ORBIS美美的實驗牆前面排了好多人
閃光我只能默默在背後解謎……
#問 到底哪一罐是假的啦QAQ???
我也想解謎帶走超澎湃小禮物RRR｡ﾟヽ(ﾟ´Д`)ﾉﾟ｡ 



第六位客座教授【台新銀行Richart】

http://i.imgur.com/kD4NUWu.jpg

那超Q布偶裝不是Richart狗狗嗎？
遇到野生Richart，場內小閃光們都想跟他合照（夯哥4他
只好到攤位上，等帥哥學長給本閃來杯特調～
看著BarTender熟練的手勢被帥到嫑嫑的
閃光我好想留Line給他啊，該衝一波嗎？


第七位客座教授【TikTok】

http://i.imgur.com/binVCsr.jpg

咦，怎麼館內好多人都戴相同的漁夫帽？
原來是抖音攤位的夾娃娃機禮物這麼佛！
看閃光我撩起袖管露一手神技——夾中啦！
原來除了漁夫帽，還有項鍊、雨傘多項好禮🎁
嘿嘿，戴上帽子想像自己和隔壁妹子戴情侶帽（魯…）


第八位客座教授【3M】

http://i.imgur.com/QKNRjKO.jpg

參加活動一定要留下自己的痕跡呀👣
閃光發現3M心願牆Post-it超貼心！
「我要脫魯要脫單我要閃光get✨✨✨」
不論閃光我許下什麼心願，
都可以用狠黏的便利貼把願望赤裸裸(?)地PO在牆上求實現！



每一區都有好多閃光與小閃光們的回憶～
想起來都有幸福的感覺呢！
這次閃光要瀟灑不告別，因為我們很快會再見💕


大家再會，我是閃光✨
不是你的閃光，是 Dcard 午夜實驗室的偉大科學家 - 閃光。 👋🏻👋🏻👋🏻",Dcard 午夜實驗室 幕後花絮大直擊🎥,2018-10-23T13:27:13.002Z,2018-10-29T06:43:11.056Z,2,96,D
229876742,"看到標題沒拿到藍袋的朋友心中可能燃起一把熊熊烈火
我先來滅火一下
我也沒拿到藍袋
只是剛同行男性朋友有藍袋
他又用不到衛生棉就給我了

首先我覺得他的包裝上還蠻細心的
是密封的外包裝就算整包直接放在書包裡也不會外露衛生棉的味道

再來就是它的草本薄荷
一墊下去真的透心涼阿！
因為他贈送的是33公分我夜用剛好
早上起來還有涼涼的感覺
夏天還蠻舒服的
不過冬天可能會覺得有點太涼
我送給我閨蜜一片
他就覺得太涼不太習慣
所以可能要各位斟酌是否喜歡清涼感再選購

綜合來講舒適度是滿高的～
用一整晚也不會覺得悶
讓我有回購的衝動

（抱歉因為用完就丟了沒有特地留包裝就隨手拍了廣告單上的圖
https://i.imgur.com/tViD8h5.jpg",藍袋的唯白衛生棉使用心得,2018-10-18T14:04:52.615Z,2018-10-18T14:04:52.615Z,9,13,F
229839111,"大家好，感謝你的點閱。
原文裡，
答案不藏私公開在活動兩天的午夜實驗室，
所以，看來只有扭蛋機轉到冷知識才會知道答案是嗎

本來一直很期待最後公佈的問題和答案QAQ
((失落))",所謂這些秘密的冷知識答案...,2018-10-12T17:51:24.214Z,2018-10-12T17:51:24.214Z,2,16,M
229818282,"請問這種活動是一年一次嗎？
覺得好好玩 還想再參加😂🤗🤗🤗🤗",午夜實驗室,2018-10-09T14:09:32.935Z,2018-10-09T14:09:32.935Z,4,11,F
229816169,"在活動中的應對再好都無法掩蓋事前規劃的分配問題(並不代表真的全部都應對得可以)，就像100塊的鈔票圖樣設計再討喜都比不上1000塊讓人喜歡，因為它是100塊！
這次參與下來真的部份占的比例是贊助商，的確免費的活動還是需要錢去燒，但不知道事前規劃出了什麼困難，別再讓參與者只能說出現場應對的夥伴人很好與辛苦你了的字眼，好嗎？真的很可憐！只能被發好人卡",收集部分問題就可以解決根本？,2018-10-09T08:00:38.247Z,2018-10-09T08:00:38.247Z,2,4,F
229815919,"午夜實驗室正式落幕啦！
不知道各位小閃光玩得還盡興嗎？😌😌

穿搭小天使第二天也沒有偷懶！
偷偷在人群裡尋找了六位穿搭達人～

賣個關子只能給你們先看一張嘿嘿🙈🙉
http://i.imgur.com/i7rUPl7.jpg

剩下的快去穿搭板欣賞八～～～

👇👇👇DAY 2👇👇👇
https://www.dcard.tw/f/dressup/p/229815854

👇👇👇DAY 1👇👇👇
https://www.dcard.tw/f/dressup/p/229800359",午夜實驗室現場穿搭直擊！DAY 2,2018-10-09T07:06:07.608Z,2018-10-09T07:06:49.576Z,0,60,D
229813637,"**第一次發文

我是 10/7 的一個人的早鳥票。

排隊著要進去的時候，看著其他人都是雙雙對對的，都在聊天，只有我一個人，難免有點尷尬。。只好假裝玩電話。。哈哈

一進去，人山人海，看到的差不多每一個遊戲，都是要雙人的，沒辦法，只好先去richard 那兒先喝杯水。

隔壁就是電流實驗室了，可是要兩個人啊。。只好先厚著臉皮排隊吧。越接近我，越緊張，畢竟我只有一個人，不能玩啊。 幸好到我的時候，靠著工作人員幫忙，叫了好久“有沒有一個人的”，才找了一個人一起玩，賺到了一個代幣 ：）
（我臉上的表情好尷尬 TT)

接著就是 Asus 攤位，聽了介紹，填了問卷，又拿到了一個代幣。還有聽了遊輪介紹，可是沒興趣。

接著就到快門實驗室。。也是厚著臉皮一個人拍照，超尷尬的。。。

接著，鼓起勇氣，去抽卡實驗室。 可是要排隊好長啊。 在排隊的時候，看到前面的朋友開心的聊天，好羨慕啊，呵呵。 終於到我了，聽了工作人員細心的介紹後，終於可以體驗了。 “來，你們可以開始對話了，對方會先自我介紹15秒鐘哦”。 結果我聽到的第一句話是，“你要藍袋子嗎，等下配對成功就可以抽獎”
。。。。。。。。。。
好吧，為了藍袋子，ok把。。
隨便拍了個照，拿到了兩個面膜。。。（我男的啊，都沒用。 TT）

過後就去了Orbis, Orbis 的遊戲也太簡單了吧。。哈哈
印象最深刻的是 Orbis 那兩個工作人員，可愛活潑開朗搞笑，還有兩個玩來玩去也太搞笑了吧。。哈哈哈哈哈
最後很榮幸的能跟她們都拍了照片
https://i.imgur.com/46EPvYT.jpg
https://i.imgur.com/4hoY8rA.jpg

最後，不廢話了，結論：

1. 活動體驗最重要， free gift 只是其次。

2. 謝謝工作人員的熱情和幫忙， 讓我一個人也不會很尷尬。

3. 室內室外和道具設計真的很用心，很美很特別。

4. 抽卡實驗室“像大學生”的工作人員和 Orbis 的兩個工作人員的活力讓我覺得不枉此行 XD

感謝 Dcard 辦了一個這麼有意義的活動 !

https://i.imgur.com/Y3BrXML.jpg







外國人上",#圖 #體驗文 #第一次參加,2018-10-08T18:05:39.841Z,2018-10-08T18:05:39.841Z,1,28,M
229812586,"如題

去年跟今年送的東西都是化妝品，老實說對男生用處不大尤其是單身狗QQ

希望狄卡明年辦活動的話能不能至少送一顆64GB type-c的隨身碟啊QQ

這樣至少單身狗去到現場覺得尷尬還是能有一顆隨身碟撫慰寂寞的心

當然啊希望轉蛋活動最大獎是RTX2080TI
或是1TB的SSD

而且不只男生用的到女生也能用啊",去年活動跟今年都是送女生化妝品之類的，明年能不能換送3C啊,2018-10-08T15:34:29.818Z,2018-10-08T15:51:35.606Z,7,21,M
229810146,"拿到藍色袋子的第一瞬間
我就跟男友說：聽說這個衛生棉很好用欸
男友曰：都送你反正我不用
我：😟😟😟
正值生理期第二天的孩子
當然回家馬上試用啊

一拿出來..嗯包裝滿美的啦
https://i.imgur.com/DTm5ojK.jpg

結果一撕還撕不開
最後被我搞成這樣了qq
https://i.imgur.com/dwYRsl8.jpg

一打開就是淡淡涼涼的草本味
個人滿喜歡的嘿嘿
一用下去不得了，超級涼的😂
我還整個嚇到！！！

個人覺得很適合夏天容易悶熱有味道的女子
還有這種像我睡覺很愛翻滾的
33公分夜用絕對夠你用💞",藍色袋子之衛生棉~,2018-10-08T08:52:00.013Z,2018-10-08T09:03:45.694Z,10,25,F
229808790,"太傻眼了吧....
其實應該說連用都沒用過....
一拿出來就變這樣了
抖音的雨傘要送應該也要有一定的品質吧😓
只能送他進回收了
https://i.imgur.com/okWuMJe.jpg",雨傘才用第一天就壞了...,2018-10-08T04:28:40.806Z,2018-10-08T04:29:50.171Z,2,2,F
229808164,"有人知道去年的限量杯的圖案並分享照片給我看嗎？
https://i.imgur.com/DjxT3Oo.jpg",關於dcard限量杯,2018-10-08T02:10:31.381Z,2018-10-08T02:10:31.381Z,3,4,M
229808149,"10/6 去了Dcard活動現場
那是我第一次一個人出遠門從台中到台北
到了現場每個活動都是一個人玩
朋友情侶都一堆我就沒朋友單身狗QQ
所以那時候我很不喜歡現場的氣氛還有一堆人直視著我感覺好像就在取笑我沒朋友沒情侶或著是說我很醜之類的   Love Myself  Peace💪",一個人的旅途,2018-10-08T02:05:01.956Z,2018-10-08T02:05:01.956Z,4,10,M
229807464,"參加完10/7下午場
排了好久的隊
換到七枚代幣
扭到一瓶卸妝水
其他都是冷知識
原本覺得自己很衰
回到家才知道原來冷知識也能換獎品
原來是自己傻啊😢😢😢
有人和我一樣嗎？
https://i.imgur.com/xElDMfJ.jpg",有人和我一樣不知道扭到冷知識也可以換獎品嗎？,2018-10-07T19:34:24.275Z,2018-10-07T19:35:00.642Z,17,10,F
229807257,"以下個人心得，勿戰謝謝

原本預約了10/6的早鳥
因為臨時有事
10/7下午去現場排隊拿了7xx號
我們大概18：50進去的

有點不懂先拿號碼牌去帳篷蓋手章
入口工作人員再用紅筆做記號才能進去的用意是什麼？不能簡化成一個步驟嗎？

進到裡面人不算多
但贈品很多都發完了只給一枚代幣
（例如ORBIS、RICHART、ASUS）
感覺工作人員也不太主動招呼
不過出來的時候又送了一個試管糖果
（總共拿到2個糖果）

出來後6次扭蛋只拿到一些小試用包
根本沒看到發放什麼兌換券或紋身貼紙氣球那些
問工作人員也都不清不楚
藍袋子無緣QAQ

整體來說我和男友都覺得蠻失望的
裡面攤位不有趣、外面工作人員態度差
活動流程和規則改來改去
優點的話就是可以在網路上看現在叫號
還有richart的調酒師很認真很帥😅

8點時間一到蠻準時的清場
但還是有看到一些工作人員的朋友進去拍照
甚至外國人也從出口走進去逛
出入口的掌控可能要再加強

感受的到Dcard團隊的用心，希望明年能辦的更好，大家都辛苦了！",10/7 晚上入場 覺得失望,2018-10-07T18:39:00.234Z,2018-10-07T18:45:53.991Z,3,13,F
229806969,"我也參加了這次的午夜實驗室
也玩得很開心（謝謝辛苦的工作人員們）
不過在我們收穫滿滿的同時
那些小小可愛的瓶瓶罐罐試用品們
也造成了地球很大的負擔😭😭😭
希望主辦能注意一下有關環保的議題
雖然我知道請廠商送大罐的東西很不可能
但是那些小瓶子真的造成環境很大的負擔啊啊啊啊
拜託大家集思廣益一下
我很希望還有這種活動
但是希望能在更對環境友善一些～
謝謝大家～",大家快樂後的反思,2018-10-07T17:47:41.201Z,2018-10-07T17:47:41.201Z,4,14,F
229806384,"辛苦各個攤位的主持人，雖然一個人體驗挺寂寞的（揮淚
https://i.imgur.com/Ca4zAIg.jpg",致謝文以下開放用手戳記簽退,2018-10-07T16:20:43.455Z,2018-10-07T16:20:43.455Z,7,5,M
229806146,"相信大家都極度的想要藍色袋子
今天一天下來
我拿到2個
朋友4個！
後來我自己送一個出去😂
朋友也送一個出去
就這樣🙏何等好運的一天啊https://i.imgur.com/c21LnvM.jpg",運氣爆棚的我們😉,2018-10-07T15:53:15.094Z,2018-10-07T15:53:15.094Z,14,20,M
229805789,"https://i.imgur.com/1b1E5jv.jpg
戰利品
很可惜沒有抽到藍色袋袋😢😢

昨天大家反應都不是很好
今天本來想說就不去了
後來真的很喜歡dcard就過去了
不過第二天在管控人數 跟藍色袋袋上面
就真的很用心 都先告知
工作人員也都很漂亮很有禮貌

而且這次午夜實驗室比起去年的草地遊樂場
參與度上真的比較好 幾乎都會玩的到
去年人數都沒什麼控管
沒玩到幾個就被清場了
今年有早鳥這點很不錯
還分內外場 工作人員真的很辛苦

而且今年很多像電流 或 扭蛋的元素
讓我感到十分特別
這些Dcard真的很用心

另外抽卡真的就是邊緣人超尷尬
還是情侶去最適合
剛好玩一玩美妝品送女朋友

無聊的時候工作人員都會陪你聊天
每個工作人員都真的很親切 不過...
可惜沒聊幾句就要趕回去台中上課

最後藍色袋袋的部分我去問了工作人員
因為當時為了要讓人數不要在裡面那麼多
所以才用禮物卷換藍色袋袋讓人出來
然後因為第一天抽卡實驗室人太少
變成後來才有機會拿到藍色袋袋
不過也因為有機會拿到藍色袋袋
所以第二天抽卡真的排超長的

最後很謝謝dcard辦很棒的活動
午夜實驗室真的如果網美去超適合
然後抽卡跟排隊跟我聊天的同學
可以來認我",1007場次心得,2018-10-07T15:08:34.757Z,2018-10-07T15:08:34.757Z,0,32,M
229805603,"昨天大家po文搶翻天 吵翻天的藍色袋子
很高興能在第二天拿到
但回到家到出來一看

恩 我是不是該打開美妝版學一下😂😂😂😂
所以該怎麼處理啊啊啊

https://i.imgur.com/ZigidZq.jpg

可惡 好想要紙膠帶",關於 戰利品,2018-10-07T14:43:37.529Z,2018-10-07T14:43:37.529Z,53,20,M
229805281,"花四枚代幣抽到的小藍袋
https://i.imgur.com/o2ljaLe.jpg
https://i.imgur.com/z5l9p49.jpg
內容物如下：
扇子
https://i.imgur.com/2LlKnq5.jpg
防塵口罩
https://i.imgur.com/WjRLfHn.jpg
草本抑菌衛生棉
https://i.imgur.com/3qFd3Iy.jpg
蘇菲娜透美顏 混合肌適用 飽水控油雙效化妝水*2
https://i.imgur.com/S537kvd.jpg
Freeplus保濕修護化妝水
https://i.imgur.com/rpWXkBT.jpg
Bye Shine Powder 清透蜜粉餅（明亮色）
https://i.imgur.com/eJ02Okh.jpg
卡翠絲 魅光豔色指甲油29
https://i.imgur.com/xAOB76Y.jpg
蘇菲娜透美顏混合肌適用 飽水控油雙效日間防護乳*2
https://i.imgur.com/xG1aUMC.jpg
蘇菲娜透美顏混合肌適用 飽水控油雙效水凝乳液*2
https://i.imgur.com/94pxW55.jpg
Rimmel倫敦芮魅超完美吻肌保濕粉底液（100亮膚色）
https://i.imgur.com/vHE8v3z.jpg
蘇菲娜 控油瓷效妝前隔離乳*2
https://i.imgur.com/WxLZY7n.jpg
UNO 隨意帥性輕髮蠟
https://i.imgur.com/VtwWfTu.jpg
艾森絲 歐若拉光感唇膏08
https://i.imgur.com/j0qB5Ip.jpg

另外還有附有兩張DM  就沒拍了
最後附上說多不多，說少不少的戰利品（全部）
https://i.imgur.com/u8dFvwD.jpg",小藍袋內容物（不專業分享）,2018-10-07T14:03:31.363Z,2018-10-07T14:03:31.363Z,20,64,F
229805249,"今天沒有抽到藍袋子QQ

但看到電流實驗室的工作人員
真的好帥😍
小魯妹一個春心蕩漾
但又裝矜持不敢衝去要line😳😳😳
只敢上來講講😂😂😂",#心得 沒有藍袋，但醉翁之意不在酒,2018-10-07T13:57:28.127Z,2018-10-07T13:57:28.127Z,13,15,F
229805222,"由於上星期剛好有空就順手搶了早鳥票
原本是搶了13:00場次的票
不過我因為個人原因大概在13:3x分左右才到
詢問了工作人員後
他們幫我安排了時間入場
在此感謝報到處的工作人員幫忙🙏🙏🙏

進去之後發現人還真不少
不過今年的動線和人數控管方面比去年好
今天在裡面待了1小時多
並沒有感到擁擠和悶熱的感覺
但活動內容就稍微沒有那麼新奇的感覺
大部份都是拍照打卡這種的
或是參加遊戲給代幣

裡面我比較喜歡的應該是Orbis的攤位吧
因為工作人員都很漂亮😂
而且也只要回答問題就有贈品
然後我剛好腦袋打結回答不粗乃被裡面的漂亮姊姊嗆😂
https://i.imgur.com/ejKdyfY.jpg
雨傘和抗痘的保養品（雨傘是攤位旁打卡送的

話說今天很懶
就大部分的攤位去個一次（有些沒去
其實也只拿了五枚代幣而已（看到別人拿好多都要跪了😂
後來因為很想上廁所就走出去了😂
然後就帶著代幣去轉扭蛋
原本以為早鳥是可以直接領藍色袋子的
後來發現要轉扭蛋有點小失望
看著手中的五枚也沒很期待
隨便找了幾個順眼的機台
然後就do re mi so的
https://i.imgur.com/HTz8XCC.jpg
不小心人品爆發(?)中了小藍袋和兩瓶潤髮乳😳(幹超重der
袋子裡面給的東西還滿多的
稍微介紹一下
https://i.imgur.com/Ag99efk.jpg
https://i.imgur.com/QoZMv4O.jpg
1.L夾.扇子和沒用的傳單（？😂
https://i.imgur.com/E9zduWW.jpg
2.精華液
https://i.imgur.com/V3DvSbl.jpg
3.面膜*2
https://i.imgur.com/A2obmoW.jpg
4.口罩
https://i.imgur.com/nlYyd9a.jpg
5.orbis組
分別是隔離霜.化妝水.卸妝露.100折價券和沒用的說明書（？😂
https://i.imgur.com/amvhtWE.jpg
6.髮蠟*2
https://i.imgur.com/OflJCNa.jpg
7.sofina保養品
上面的是兩種不同的乳液*2
左下是化妝水*2 右下是隔離霜*2
https://i.imgur.com/aJdQNUy.jpg
一定有人覺得奇怪我幹嘛放兩張
原本我是要這麼介紹的
分別是化妝水*2 乳液*2 隔離霜*2和一罐單身的乳液
結果在旁邊的瓶瓶罐罐又發現一罐一樣的乳液
sofina表示：你才單身
幹
https://i.imgur.com/L97HyZA.jpg
8.za粉餅
https://i.imgur.com/NIVAzdv.jpg
9.唇膏
https://i.imgur.com/8YVGLH3.jpg
10.指甲油
https://i.imgur.com/0O4jwjJ.jpg
11.化妝水
https://i.imgur.com/F3upi34.jpg
12.粉底液
https://i.imgur.com/UwScR9p.jpg
13.潤色霜
https://i.imgur.com/udV9N4t.jpg
14.衛生棉（幹這個對單身狗超不友善der😭
內容物就這些了
給的滿有誠意的
除了衛生棉（？😂

稍微整理一下這次參加活動的優缺點好了
優點：1.人數控管很好 裡面不會擁擠
2.空調良好不會讓人感到悶熱窒息（可能跟第一點有關
3.攤位擺放良好動線分明 裡面會看到很多的排隊隊伍 但我並沒有因此而無法穿梭走動（這應該也和第一點有關
4.特調飲料很好喝 看調酒師調配時很療癒
5.Orbis的姊姊們很漂亮（？

缺點：1.最大的是獎品數量沒有控管好吧 好像還滿多人對此感到失望
2.外面的攤位擺放位置有點差 我記得去年的服務台是在入口旁邊

最後感謝全體工作人員的辛勞🙏🙏🙏
希望之後的活動能越來越好☺️",1007 午夜實驗室活動感想,2018-10-07T13:52:31.146Z,2018-10-07T13:52:31.146Z,32,39,M
229805161,"如題
為了這個冷知識而去的
但和朋友們加起來40枚代幣都沒轉到😭😭
爬文看大家分享的紙條也沒有！

有人可以告訴我嗎QQQQQQ",五月天和迪卡的淵源,2018-10-07T13:42:54.251Z,2018-10-07T13:42:54.251Z,5,13,F
229804941,"https://i.imgur.com/p3sw9DB.jpg
先給大家看看這個讓大家朝思暮想的藍色袋子
基本上很像帶去海灘那種提袋縮小版
https://i.imgur.com/8GMB3L0.jpg
這是裡面的東西全覽，但有些我送給我朋友了

再來開箱幾個比較讓人驚豔的東西
https://i.imgur.com/aOtBy2h.jpg
其實我是為了他才來這個活動的
因為皮膚敏感的關係最近很喜歡用粉餅類上妝期待使用之後的真實心得~

https://i.imgur.com/8ToYMvv.jpg
說到敏感肌袋子裡面有這個我好驚訝喔
我記得這個很貴的說，我要好好珍惜的用
https://i.imgur.com/vuGBGil.jpg
再來再來就是這個衛生棉了
以我平常的量不算多的用途下
大概是我第三天用的量
我第一二天都是用28公分的
然後我不會覺得有悶悶黏黏的感覺
接觸皮膚也沒有什麼刺刺的感覺
覺得大家可以去用看看我記得官方好像有折價卷的樣子，其實對這衛生棉還是抱持感恩的心，畢竟他解救了突然來臨的姨媽讓我不用千里尋棉?!

以上就是簡單開箱下臺一鞠躬~",小藍袋禮物開箱,2018-10-07T13:09:34.397Z,2018-10-07T13:09:34.397Z,0,29,F
229804573,"「別因為短暫的別離而難過
因為這輩子我是註定逃不出你的手掌心了」😳

大家好，我是閃光✨ 
不是你的閃光，是 Dcard 午夜實驗室的偉大科學家 - 閃光。 


這兩天小閃光們玩得還開心嗎~ 
閃光我今天一樣在展場人群中彈來彈去穿梭
看到了好多「閃光」也被大家的笑容電的不要不要的😍😳

快來看看閃光蒐集到的笑容吧😆
Dcard 午夜實驗室總回顧 
入鏡的小閃光們，留言告訴閃光你在哪！
https://youtu.be/YxyVxdAciyw

http://i.imgur.com/xlkMelf.jpg

👇🏻兩天下來配對成功機率超高的「抽卡實驗室」👇🏻
http://i.imgur.com/ktpNQT8.jpg
http://i.imgur.com/WEBwvNx.jpg

👇🏻裝置超多造就超多網美網帥的「快門實驗室」👇🏻
http://i.imgur.com/1aRkpsh.jpg
http://i.imgur.com/cY2ri6a.jpg
http://i.imgur.com/uhMjD6O.jpg

👇🏻有著滿滿甜滋滋糖果和夢幻棉花糖氣泡飲的「繽紛實驗室」👇🏻
http://i.imgur.com/O8t5kPL.jpg
http://i.imgur.com/EaaEKvv.jpg

👇🏻激起超多花火 超熱門排隊區域「電流實驗室」👇🏻
http://i.imgur.com/07cu4aQ.jpg
http://i.imgur.com/woppLZX.jpg

👇🏻藏有好多午夜實驗室秘密與小驚喜的「扭蛋機」👇🏻
http://i.imgur.com/lrRz7v1.jpg
http://i.imgur.com/xQTEdsv.jpg

👇🏻有好多特殊相印邊框的「印照區」👇🏻
http://i.imgur.com/Uffjvdz.jpg
http://i.imgur.com/RMnTLg3.jpg

嗚嗚 每一區都有好多閃光與小閃光們的回憶
雖然活動期只有短短的兩天 但閃光我 還有所有輔佐我的的dcard工作團隊🙌🏻
真的真的都盡了十三萬分的心力在準備 嗚嗚
喔? 為什麼是十三萬嗎?😎
因為...因為是要準備給小閃光們的呀😳
人家更認真點準備本來就是超正常的嘛(扭動😏

希望所有的小閃光們在我的午夜實驗室裡
都能擦出不一般的「閃光」✨✨✨
並帶回專屬於你和我的美好回憶
閃光我好想將這兩天的回憶 風乾 老的時候 下酒🍶

痾 你們喝酒嘛?🍻🍻🍻 什麼!!! 才不呢!!! 閃光我才不文青呢 哼😤
甚麼!!! 我才沒有哭呢!!!
眼淚在淚眶中打轉 沒有掉下來就不算哭!!!😢

但...以後沒有小閃光們給我撩 我會很寂寞的...😭
相信小閃光們也會想我的吧!!!
說!你!會! 😬😬😬
很好，我相信大家都會的~💓
http://i.imgur.com/bJuzraI.jpg

大家再會，我是閃光✨ 
不是你的閃光，是 Dcard 午夜實驗室的偉大科學家 - 閃光。 👋🏻👋🏻👋🏻",#有片 閃光下台一鞠躬👋🏻最後一撩🙌🏻,2018-10-07T12:05:40.129Z,2018-10-07T14:54:21.015Z,65,1574,D
229804483,"我才拿回家，發現破了
不用到出門出去玩https://i.imgur.com/bMmnj2W.jpg
https://i.imgur.com/aHYwa9m.jpg
有人也是這樣嗎？
我就是為了他搭高鐵去的😂😂",小藍破掉了,2018-10-07T11:48:34.851Z,2018-10-07T11:48:34.851Z,11,5,F
229804302,"以下是個人與閃光參觀心得：
(主觀心得，不要鞭我XD)

進場時間：10/7 14:00 早鳥雙人
出場時間：17:00左右

14:00場次要13:45才可以報到 
於是在公園晃晃吃香腸😂
後來看到工作人員舉牌，趕緊去排隊
排隊的時候就開始發扇子

http://i.imgur.com/L9Ah1CW.jpg

14:00的時候才放我們入場XD
很感謝有位女孩兒在前面說明/提醒
提醒早鳥的人 
務必記得去兌換飲料提袋
好不容易入場以後
人山人海在面前阿(又要排隊 = =

第一關：DCARD電流

還好有帶閃光去
這根本在排擠自己一個人去的XD
難怪大家都說排擠邊緣人 
果然是真的
排大概十五分鐘吧 
順利通過 得到2代幣/2人

第二關：台新刮刮樂

用手機掃描QR code 
填資料就可以刮刮樂
但我們只換到 台新L夾
（有看到桌上有L夾跟調酒
（但調酒師不在
當時工作人員表示：就只有這個!

http://i.imgur.com/u00gyCS.jpg

(後來過半小時…
看到一堆人都換到調酒或是便利貼)
我跟閃光都比較想要調酒哀…
再去問一次工作人員說：
你換了L夾就不能改 那是當時的禮物

感覺不太好QQ 
早知道就晚點再去排… 我渴死了

第三關：Post-it便利貼

http://i.imgur.com/yIYTXtj.jpg

在便利貼上寫願望拍照打卡
就可以換一組便利貼XD
很簡單就達成~

第四關：換糖果
直接過去蓋手章就可以換糖果
看起來很美 還沒打開來吃XD


http://i.imgur.com/nR06PLq.jpg


第五關：meme直播唱歌

必須下載meme直播
&上台唱一首歌才有代幣

我選擇唱五月天的歌
結果上台的時候
好像有幫我調成女key
反而音太高唱不上去QQ
尷尬到爆炸 
所幸得到兩個代幣/我一人
(閃光怕尷尬不想唱就沒有上台)

第六關：Tiktok&ORBIS
這兩個好像是同一關 說要先排TikTok才可以去ORBIS
這邊動線超級亂的 大家都亂排 最後工作人員才指引


必須下載TikTok軟體，
然後拍照上傳IG

http://i.imgur.com/62mw9W0.jpg

才可以參加 兩次夾扭蛋
爪子看起來很好夾
結果我跟閃光都沒夾到QQ

ORBIS則是要加入LINE好友
聊天對話選一個數字 就會出現問題
我的問題是：
指出展場中ORBIS的補充包在哪?

閃光的問題是：
這關的品牌名稱是什麼?

閃光的問題也太簡單了吧XDDDD

達成之後，得到抗痘精華 哈哈

http://i.imgur.com/UXEis8R.jpg

然後再去排隊 上傳IG 
得到 ORBIS雨傘
個人覺得這個CP超高❤️❤️❤️

http://i.imgur.com/PNzFkT8.jpg

第七關：球池

這關其實沒幹嘛 就是拍照而已
也不能換啥東西 XD

http://i.imgur.com/Y8Lz42i.jpg

燈光美氣氛佳 
工作人員協助拍照很棒
一直想要去排 抽卡那關
排了半小時直接放棄 人超多!!!
加上肚子餓、想尿尿、很口渴
直接找出口去換禮物了


禮物就是 杯套!! 還有面膜


http://i.imgur.com/L2SwEPQ.jpg

兩個可以合起來變一個圖案XD
這應該就是午夜實驗室的秘密之一

http://i.imgur.com/rHwjLsC.jpg

出口有電腦展示介紹：
聽完填問卷就可以得到代幣 1個/人

最後我跟閃光賺到8個代幣
電流2+唱歌2+電腦2 
剩下兩個哪來的忘記了 
好像是台新？


http://i.imgur.com/CAUfpxT.jpg
那時候先拍6枚代幣
第一次轉扭蛋轉完以後 才發現電腦那邊還可以再換2個代幣
所以總共8個代幣


轉扭蛋，一開始
很傻眼轉到的扭蛋是空的...
還以為沒東西差點丟掉
不死心拿去問工作人員 結果可以換東西!!
很開心抽到理膚寶水

http://i.imgur.com/cKCBvjy.jpg
閃光則抽到潤髮乳

http://i.imgur.com/VYCc5AW.jpg

反而是裡面有紙的 才沒東西哩XD
抽到這一堆紙= = 冷知識

http://i.imgur.com/sMFk64H.jpg


 
DCARD真的很用心 
雖然我沒有抽到藍色袋子 超悲劇!!!



總結一張戰利品 
好累阿 近三個小時都在排隊
還沒有排到 抽卡 那關 QQ 可惜
規定出去就不能進來 我想尿尿 口渴 但我還想玩 嗚嗚

http://i.imgur.com/k2Fnj0p.jpg

IG的照片最後在室外可以印出來
很懷念 拍貼機年代XD
一人可以印兩張
 我跟閃光印四張
很感謝左邊男生工作人員協助影印!!

http://i.imgur.com/AJKIaTc.jpg


最後......
很感謝DCARD辛苦舉辦~~
這是免費的活動 所以不能棄嫌什麼(痾以上都棄嫌完了XD
工作人員很辛苦~!
有感受到用心 ~~~


END",午夜ㄉ心得,2018-10-07T11:12:17.117Z,2018-10-07T12:15:21.532Z,24,72,F
229803906,"第一次參加活動啊啊啊啊~
說第一次可能讓人有點難以置信 😂高中以後家裡才比較放鬆對我的管制，至少是我有記憶以來的第一次（hen小的時候有上台北過）！

被同學約去Dcard活動的時候我一直在糾結 😂10點場的我們要6.起來準備，等6:40的車，對於我來說早起真的很想死 （沒睡飽的低氣壓）

https://i.imgur.com/VVN6SFD.jpg
芒果氣泡水（化學味）跟藍莓氣泡水（有點酒味不過是釀水果發酵的味道＜比較喜歡這個）

https://i.imgur.com/pLO0doy.jpg
裡面的工作人員人敲好 😆😆我們死皮賴臉的要跟姐姐合照幸虧她沒有把我們轟出去（？）
姐姐人很漂亮噢噢噢噢噢噢 ！！！

https://i.imgur.com/nbucfOI.jpg
球池一整個超尷尬 😂旁邊排抽卡後面還有人，哇塞！我一整個尷尬癌爆發超尬~超僵~

https://i.imgur.com/zH5y23M.jpg
我們兩個超幸運 😆😆😆先後抽中超扯

分享一下戰利品

https://i.imgur.com/oDyh2kj.jpg
袋子裡的東西
https://i.imgur.com/aPIl8xi.jpg
其他攤位搜刮的（總結）

https://i.imgur.com/XhExcjS.jpg
代幣抽中的 😂同學一個神抽8張都中，我9張
兩張共估三個紙膠帶四個同一個機台的修護精
華（死不信邪結果同一台都抽到一樣的東西 😂）


https://i.imgur.com/dXMCxrS.jpg
小秘密ㄛ，拿著相機的小編真的好正 😏😏🙄",第一次上台北 😤,2018-10-07T09:59:08.239Z,2018-10-07T10:06:44.360Z,12,47,F
229803814,大家來拍拍你們拿到什麼我是這樣https://i.imgur.com/Ll7lCv4.jpg,午夜實驗市的禮物啊,2018-10-07T09:37:54.870Z,2018-10-07T09:37:54.870Z,13,6,M
229803235,"今天跟同學瘋狂拿代幣
總共拿了22個
然後看板上很多人說出口有時候會發兌換券
可能是藍袋
後來發現今天好像都不是藍袋了
小難過😢😢😢
但是我們還是拿著22枚代幣衝向扭蛋區尋找希望
結果⋯
https://i.imgur.com/sZB38II.jpg
因為我們代幣是一人一半去扭
這是我自己扭到的部分
雖然沒拿到藍袋
但有眼線跟卸妝油我就滿足了😙",跟藍袋無緣的我,2018-10-07T07:47:12.561Z,2018-10-07T07:47:12.561Z,19,28,F
229802981,"誒誒 大家有發現嗎？
午夜實驗室的杯子會反射吸管耶

剛剛喝一半看到裡面有兩支吸管愣了一下
轉一轉吸管看著兩支繞同心圓超療癒的XDD

如果有經過的話可以考慮看看
https://i.imgur.com/ISbTaOl.jpg",午夜實驗室的杯子,2018-10-07T06:51:34.489Z,2018-10-07T06:51:34.489Z,11,18,M
229802849,"在午夜實驗室拍了那～麼多張照片
除了發在IG上 如果可以現場直接印出來
感覺一定超棒der❗️

現場就有提供免費的印照服務哦～

👉來來來 步驟如下
閃光教就教小閃光們怎麼使用印照機📷

http://i.imgur.com/Unju39j.jpg
（上圖為超可愛小閃光😆）

STEP1⃣️
走到戶外印照區
找到這塊招牌～

http://i.imgur.com/WnyZyIA.jpg

STEP2⃣️
將照片PO在自己的IG
（帳號記得設公開喔❗)
並加上 #dcard

http://i.imgur.com/ldgvF3M.jpg

STEP3⃣️
按照現場說明
點選印照機並列印
美美der照片就出爐啦～


恭喜老爺🎉賀喜夫人🎉
但切記每個人印照都是有額度的哦
依照現場工作人員說明為主
祝各位小閃光們印照愉快😆",打卡完直接印出來！午夜實驗室=回憶製造機🤖️,2018-10-07T06:22:54.432Z,2018-10-07T06:32:54.806Z,2,63,D
229802832,"沒拿到藍色小袋子絕望之餘....
在戶外有寫小紙條的活動
https://i.imgur.com/pm2utnW.jpg
寫了一些對未來的期許及祝福的話🙏
換來的卻是.....
https://i.imgur.com/ZGtd2fg.jpg
😭😭😭沒關係朋友，我也是😢",關於藍色小袋子...,2018-10-07T06:18:59.919Z,2018-10-07T07:25:20.554Z,2,40,F
229802755,"「反正我想 我唯一想聚焦的美 也只有你了」

大家好，我是閃光✨
不是你的閃光，是 Dcard 午夜實驗室的偉大科學家 - 閃光。
說到這次午夜實驗室的重點
當然是閃光我啦啦啦啦 喔 好啦 我知道不是
除了遊戲裝置外 這次閃光還替小閃光⚡️們準備了
超～多～超網美的拍照打卡裝置


喔嗚 天呀 我的小閃光們
千萬不要錯過在戶外的雜誌拍照區❗️

http://i.imgur.com/Hf67Z6I.jpg

快進雜誌封面拍攝現場 
擺出你最伸展台的pose吧😆

今年的藍白球池也和去年一樣超受歡迎der～

http://i.imgur.com/fi2GVZW.jpg

閃光喜歡熱鬧
小閃光們快來球池和象徵我的背板拍照吧
現場也有人帶家人一起同樂呢🧡👭

http://i.imgur.com/lX7HegF.jpg

http://i.imgur.com/Y0TBbGo.jpg


最後❗️是閃光我最喜歡的「midnight lab」❗️
站在實驗室裝置中
來體驗當科學家的一天 just like me

http://i.imgur.com/qNGDPUX.jpg



現場還有好多錐形瓶、試管還有背板讓大家拍照📷
閃光我已經拍到手機📱沒電了 小閃光們快快跟上❕


🔸時間 🔸
今天!!就是今天：10/7 上午10點 ～ 晚上8點
🔸地點 🔸
華山文創園區／紅磚西 1 館（大草皮對面！）
現場還是可以排隊免費入場喔❗",最後一天就是要拍照啊不然要幹嘛-快門實驗室,2018-10-07T06:05:00.754Z,2018-10-07T07:01:08.264Z,0,74,D
229802673,"「軟綿綿的是我向著你的心，
甜滋滋的是我想與你共有的生活。」

大家好，我是閃光✨
不是你的閃光，是 Dcard 午夜實驗室的偉大科學家 - 閃光。

喔～天呀！小閃光你說你肚子餓了嗎？
不怕不怕 小短片帶你探索美食特區-繽紛實驗室！
https://i.imgur.com/BizKWpS.jpg

天呀～是不是大家看到這麼繽紛的糖果🍭🍬
都會忍不住想要每一款都吃吃看呢～😍
別猶豫了 全都拿去吧😎
閃光我是絕對不會心疼的😏😏😏

https://i.imgur.com/EFGoWXY.jpg

插在氣泡飲上的棉花糖入口即化、甜而不膩
就像是掛在小閃光臉上的笑容一樣
哎呀！閃光怎麼又開始撩人了😁

但但 這是真的呀🤔
這個笑容 真的是比棉花糖還甜呀😍
閃光我已融化...大家再見🤤🤤🤤

https://youtu.be/T6g1iKyMGCw

午夜實驗室不是只有一堆化學器材
好吧，其實也真的是一堆器材沒錯 XD
但閃光就是想著小閃光逛著逛著就會餓了
所以特地建造了繽紛實驗室
要讓小閃光嚐嚐閃光用秘密成份調配成的飲料甜食

http://i.imgur.com/6cM7SCH.jpg

回歸正題吧 ～
總之玩樂之餘
小閃光也別忘記到這個夢幻的小角落填飽肚子😋

http://i.imgur.com/oTmnS1Y.jpg

⏰⏰⏰
小閃光們千萬要把握來玩的時間呀
活動為期兩天
沒搶到早鳥票的小閃光
現場還是可以排隊入場呦👭


🔸時間 🔸
第一天：10/6 下午2點 ～ 晚上8點
第二天：10/7 上午10點 ～ 晚上8點
🔸地點 🔸
華山文創園區／紅磚西 1 館（大草皮對面！）
想知道更多資訊
記得追蹤「閃光」和訂閱午夜實驗室看板～",#再更 好吃又好拍的繽紛實驗室-DCARD午夜實驗室,2018-10-07T05:48:17.815Z,2018-10-07T06:56:04.212Z,0,70,D
229802598,"昨天午夜實驗室熱騰騰的卡友穿搭直擊已經出爐啦！！
說不定你昨天就和他/她擦身而過👀
卻沒想到他/她竟然是穿搭潮人？！

偷偷在這裡送上-苡綾吃貨愛時尚
就知道來參加的卡友多深藏不露👻

http://i.imgur.com/fS7wjkz.jpg

趕快去穿搭板瞧瞧吧😘

👇👇👇👇👇文章連結👇👇👇👇👇
https://www.dcard.tw/f/dressup/p/229800359-%E5%8D%88%E5%A4%9C%E5%AF%A6%E9%A9%97%E5%AE%A4%E7%8F%BE%E5%A0%B4%E7%A9%BF%E6%90%AD%E7%9B%B4%E6%93%8A%EF%BC%81%E5%8D%A1%E5%8F%8B%E9%83%BD%E7%A9%BF%E6%80%8E%E6%A8%A3%E4%BE%86%E7%8E%A9%E5%91%A2%EF%BC%9F%F0%9F%98%8DDAY-1

記得追蹤穿搭小天使🛎

今晚也請準時鎖定【午夜實驗室現場穿搭直擊 DAY 2】>>>
https://www.dcard.tw/@dcard_outfit",午夜實驗室現場穿搭直擊！😍 DAY 1,2018-10-07T05:33:06.117Z,2018-10-07T05:37:09.026Z,4,47,D
229802241,"很多小閃光在問：
「活動有送閃光嗎❓還是要自己帶❓」

嘿嘿，原來大家都這麼想要閃光啊
很簡單❗️以下幾個步驟教大家閃光Get的方式😆

STEP1⃣️
加快腳步，把握機會
前往Dcard午夜實驗室🏃

STEP2⃣️
進入現場
找到電流實驗室
STEP3⃣️
來場電流急急棒吧⚡️

http://i.imgur.com/TwZPOhQ.jpg

❗️重點來囉
這時候命運就握在你手中
只要對面的男孩女孩是你的菜
務必在雙方手中命運の棒交會之時
STEP4⃣️深情望著對方說🧡
「我被你——電到了！加個Line吧」

http://i.imgur.com/lGbgQfe.jpg

🔔這對話可以自由發揮
歡迎各位撩妹達人神回覆更好的語錄❗️

好嚕！本閃光今天就教學到此
剩下的就看各位閃光的造化囉～

🔸時間 🔸
第一天：10/6 下午2點 ～ 晚上8點
第二天：10/7 上午10點 ～ 晚上8點
🔸地點 🔸
華山文創園區／紅磚西 1 館（大草皮對面！）
想知道更多資訊⬇️
記得追蹤「閃光」和訂閱午夜實驗室看板～
閃光跟你在午夜實驗室不見不散",電出你的閃光⚡️來電我和你 ❤️,2018-10-07T04:08:52.132Z,2018-10-07T04:08:52.132Z,0,123,D
229802194,"看到昨天慘況
還想說我是早上十點場次應該沒問題
結果出場前跑去出口問工作人員藍色提袋怎麼領
她說只有抽卡實驗室或是外面扭蛋才有機會ಥ_ಥ嗚嗚嗚抽卡只抽到閃光杯
扭蛋也沒有扭到
扭蛋冷知識也被回收 真的沒有禮物
一個朝令夕改的概念


去年玩得很開心也有認識新朋友
https://www.dcard.tw/f/talk/p/227316049?ref=ios
但今年都是贊助商的廣告

跟去年相比 早鳥預約這個方式不錯
可以透過這個知道準備的禮物量
有可能是因為臨時延期人數會有所差異
去年的闖關卡也不錯
希望明年可以做到更好！",藍色袋子規定又變了😂,2018-10-07T03:59:23.466Z,2018-10-07T04:09:02.804Z,6,15,F
229801933,"午夜實驗室最後一天❗️

「沒有水的地方叫沙漠，
沒有你的地方叫寂寞😢」

大家好，我是閃光✨
不是你的閃光，是 Dcard 午夜實驗室的偉大科學家 - 閃光。

http://i.imgur.com/SanqwHq.jpg

昨天沒來的小閃光，今天再不來
閃光我真的會很寂寞啦😭
昨天閃光一整夜都沒睡好
大家知道為什麼❓
因為我滿腦都是小閃光們啊⚡️

https://youtu.be/MhW8QPYHxoM

午夜實驗室倒數最後一天
今天再不來，下次就要等上
・
・
（深吸一口氣）
・
・
8760個小時525600分鐘31536000秒啊啊啊啊🕤


🔸時間 🔸
第一天：10/6 下午2點 ～ 晚上8點
第二天：10/7 上午10點 ～ 晚上8點
🔸地點 🔸
華山文創園區／紅磚西 1 館（大草皮對面！）
想知道更多資訊⬇️
記得追蹤「閃光」和訂閱午夜實驗室看板～
閃光跟你在午夜實驗室不見不散",緊急⚠️ 午夜實驗室最後一天❗️超多人排隊，快來卡位R~,2018-10-07T02:37:41.607Z,2018-10-07T03:47:10.530Z,1,228,D
229801829,嗨，昨天有去參加活動的各位，我很好奇一件事，就是抽卡實驗室是不是真的能交到朋友😂,抽卡實驗室,2018-10-07T01:56:21.892Z,2018-10-07T01:56:21.892Z,5,4,M
229801799,"👇👇👇👇👇👇
現在有號碼牌的閃光們！
👉全數開放入場啦！！0～799！ 👈
感謝大家很踴躍參加活動 
今天的號碼牌停止發放了 😭
可以在外面逛逛攤位喔
👆👆👆👆👆👆

大家好，我是閃光✨
不是你的閃光，是 Dcard 午夜實驗室的偉大科學家 - 閃光。

10/7 午夜實驗室最後一天💗

相信大家都已經見到第一天各式各樣的戰利品囉
不過現在！
閃光要來教大家如何最有效率的戰利品滿載而歸呢?

第一、限量藍色PVC - 人氣No.1 

限量、超限量、真的是限量Rrrrr😆
第二天將藏在扭蛋機裡，跟抽卡實驗室裡
快點手刀衝去各個室內攤位，闖任務拿代幣
人人有機會拿到喔

第二、早鳥報名限定獎 - 杯套🥤

出場後的早鳥們，別忘了拿著你們的早鳥票
到報到區兌換早鳥報名限定獎，環保杯套喔！

第三、人人有獎 - 七彩元素糖果🍬

繽紛實驗室裡
製作著人人都有一支的七彩元素糖果
好甜，不拿嗎❓

第四、紙膠帶

兩種款式，閃光與他的捧油們～
就藏在扭蛋機裡，數量有限，轉到才算👌

好啦～以上就是戰利品小攻略❤️
除了超澎湃的禮物🎁
還有很～多好玩的攤位！
來來來👐
再讓閃光介紹一次⬇️

1️⃣抽卡實驗室

首日最HOT熱攤!!
快來這裡製造一段相遇吧!
配對成功後可以抽獎一次，
獎品有: PVC包、閃光限定杯、魅力噴霧

2️⃣電流實驗室

就這樣觸電~直到粉紅泡泡爆炸~
兩人闖關成功可以各自獲得一枚代幣

3️⃣限時動態

在午夜實驗室的任何區域
打開Dcard App裡的限時動態
上傳成功，就可以到限時動態實驗室前
兌換禮物喔🎁🎁🎁

4️⃣球池

跟著閃光一起跳～進～來～吧！
看看你的照片是否有閃光出沒💑
 
5️⃣印照區

現在立刻拍照上傳IG📷 
#dcard #午夜實驗室
把你的照片通通印出來吧!

6️⃣繽紛實驗室

這裡有最多的七彩元素糖
只要入場就可以領取
還有只要100元的棉花糖氣泡飲
這麼好康，還不力馬手刀前往🍬🍬

7️⃣舞台活動

13:00~18:00
每個整點都有精采的舞台互動
以及神祕小驚喜喔💃

8️⃣扭蛋區

東西太多了!閃光不知道怎麼解釋啦!
扭就對了，懂?🕺

9️⃣舞台活動

13:00~18:00
每個整點都有精采的舞台互動，
以及神祕小驚喜喔⚡️⚡️⚡️

還有還有～
各種客座教授攤位
也都十分好玩哪！
小閃光快來玩～～～
 
哎呦我的媽媽咪阿!
哪有攻略拿摸長嗎?
沒錯! 
Dcard 午夜實驗室，好康就是那麼多!
錯過今天，你就要在懊悔 365 天喔!",10/7午夜實驗室 最終回攻略,2018-10-07T01:47:50.930Z,2018-10-07T10:33:03.877Z,38,246,D
229801674,"「很多人在酸藍色袋子就是限量的
一堆人在那吵拿不到
要不要臉之類」

但今天的糾結點就是

這個活動他分了
「好幾個場次」
提供給有填早鳥票的人
但它的贈品數控制不良
內部員工溝通不良
現場員工消息不足
等等

導致填了晚場的人們
這個所謂「限量的袋子」才都沒拿到

照理來說如果你分了場次又是限量
是不是應該是「每個場次都限量」

而今天所造成的局面就是
「報名早鳥填了晚場」的人
都是白痴

要酸也搞懂每個人的不爽點
難道你有看到早場的人在說沒拿到嗎😑",藍色袋子的糾結點,2018-10-07T00:39:28.664Z,2018-10-07T00:39:28.664Z,3,30,M
229801651,"Dcard是不是免費讓你使用？
活動是不是免費自由參加？
是嘛～
那你在抱怨什麼？？？

你有能力成立Dcard公司？
你有能力辦活動免費讓大眾參加？
沒有嘛～
那你在罵什麼？？？

沒能力又愛抱怨
你討厭這活動
這活動更討厭你
醜八怪～",抱怨本活動的同學們～,2018-10-07T00:27:03.979Z,2018-10-07T00:27:03.979Z,5,20,M
229801431,"昨天跟朋友在排唱歌的時候
站在我們旁邊的女孩飲料灑了一地
噴到我們身上還有在他附近的同學
不知道是不是杯子問題啦(在這之前也有看到別人打翻)
但我想說的是你打翻飲料噴到我們身上沒關係
至少遞張衛生紙給我們
沒遞給我們就算了連一句抱歉或對不起都沒有
我們真的超傻眼",打翻飲料的女孩,2018-10-06T20:44:47.648Z,2018-10-06T20:45:44.983Z,1,5,F
229801052,"看完版上的文後 
還是不太知道到底怎樣才能拿到藍色小袋子 
是一定要有早鳥才有嗎 
還是說現場排隊的有拿到兌換卷就可以領

還有除了玩抽卡實驗室有機會拿到卷 
哪裡還可以拿到卷（有聽說出口的地方有發
 
拜託大家幫幫忙 我很想拿到那個袋子🙏🙏",藍色小袋子要怎樣才能拿到,2018-10-06T18:28:10.717Z,2018-10-06T18:28:10.717Z,1,1,F
229800720,"有沒有10/6已經去的人有購入環保飲料杯
是進去就一定買得到嗎
小的在這裡徵求加購價錢以及使用心得
非常感謝🙏🏼",環保飲料杯,2018-10-06T17:30:53.211Z,2018-10-06T17:30:53.211Z,15,1,F
229800306,"https://i.imgur.com/1AVacvE.jpg
一進去就有親切的姐姐
告訴大家可以拿糖果

然後很幸運地
我有拿到藍色袋子！！！！
簡單的圖案設計超喜歡的

但是最遺憾的是
為了我最想要的紙膠帶......
我們兩蒐集了23個硬幣













結果一個紙膠帶都沒有啊啊啊啊啊啊
朋友很高興有一個月份的各種試用包
 (`д´)(`д´)(`д´)(`д´)(`д´)(`д´)(`д´)(`д´)
        (／‵Д′)／~                  ╧╧




明天場次的卡友們 
記得
硬幣
不要
跟我
一樣
都投同一台  ╰(〒皿〒)╯



附上今日戰利品
（就只差紙膠帶 (;´༎ຶД༎ຶ`) ）
https://i.imgur.com/1tHbQwm.jpg

我要繼續滑狄卡了~",實驗室超讚,2018-10-06T16:38:30.670Z,2018-10-06T16:42:59.007Z,3,87,M
229800026,"轉讓明天上午十點的票喔～
雙人的，當初怕朋友的時間改因此多報名了",轉讓票,2018-10-06T16:06:25.483Z,2018-10-06T16:06:25.483Z,12,1,M
229799769,"有沒有人也是這個時間然後一個人的
看了板上的一些文章發現一個人自己去好像真的蠻尷尬的嗚嗚
邊緣人求互助QQ",1007 1600,2018-10-06T15:36:45.342Z,2018-10-06T15:36:45.342Z,5,1,M
229799571,"我是之前開1006表單的主揪
這次大家都是搶2點早鳥票的
進去人超！級！多（抱歉沒照片因為很擠😅
到處都要排隊
我們只玩了電流實驗室
少部分的人有玩抽卡
抽卡其實很尷尬除非情侶啦我覺得
我們大概快5點出去的

出去一共有兩個出口
一個出去是草皮 另一個出去是磚房的後面
後面那邊才有人再發換小藍袋的卷
杯套才是早鳥優惠！！！
小藍袋不是噢
https://i.imgur.com/uV6FOcx.jpg
我有一個朋友他沒有早鳥票（我們搶兩人）也有拿到小藍袋
所以小藍袋只要有拿到兌換卷都可以領哦~
然後我們一開始進去要找小藍袋問了很多個工作人員都給了我們不一樣的答案是真的有點雷
所以明天為了小藍袋去的可以自己衡量一下噢
整體來說是不差啦只是一直排隊很累然後直播唱歌很大聲講話很吃力裡面很擠
優點就是有玩有吃還有贈品可以拿可以轉蛋
認識一些本來不會接觸到的人也蠻特別的
最後丟一張合照
https://i.imgur.com/uRR0tuE.jpg
好了
完。",1006 早鳥心得,2018-10-06T15:09:47.027Z,2018-10-06T15:17:25.662Z,10,64,F
229799355,"被女友拖去 看到裡面滿滿排隊人潮
然後工作人員一問三不知
一直說進了就不能出 無限輪迴
問到小藍袋遊戲規則 問了好像沒問
只說要有券⋯
然後接下來也不說清楚
害大家滿臉問號❓
感覺工作人員真的欲言又止
然後明明看到 贈品處還剩超多藍色提袋
到底為什麼不能給
我真的不懂
女友說～官方有說明是［限量］
但翻來翻去一些官方文
完全沒有解釋到底怎麼能夠拿到⋯
本來其實真的沒有很想要
就只是單純想知道到底怎麼拿
給大家一個公平的遊戲規則吧",其實我沒有很想要袋子啦,2018-10-06T14:36:54.668Z,2018-10-06T14:36:54.668Z,0,26,M
229799189,"大家看到版上的文就知道不用期望藍袋子了吧
而且我問了三次工作人員回答一樣官腔：隨機發放的喔 ！還一會把問題推給外面的贈品處贈品處又推給裡面的人員
問題是我等了快三小時就是沒發！！
然後展場小攤位少 人數又爆多排一項體驗排半小時 動線不佳
問工作人員問題他也搞不清楚
反正活動是讓我很失望
雖然是免費的但我真的不想再去第二次了

所以明天沒票想現場排的也不用去了啦 浪費時間而已
有票的就去碰運氣搶藍色袋袋然後直接出來吧 
與其浪費時間在裡面這樣還比較划算喔～",明天想去排隊的人可以不用去了,2018-10-06T14:12:09.784Z,2018-10-06T14:12:09.784Z,10,28,F
229799030,"首圖片拍不好抱歉QQ
https://i.imgur.com/qi8ley5.jpg
https://i.imgur.com/XhzQ7dx.jpg
不分享不拍照不打卡拿的是以上這些東西(宣傳單跟L夾沒拍

**要有搶到早鳥票+出口隨機發放的贈品卷，兩者都有才能換藍袋子，排現場的沒有，因為沒有條碼刷。***
這是我16點出場時的狀況....

看完大家期盼的小藍袋再來看心得......
我13:15就到了所以第一批進去時，各攤位排隊算很快，各個活動幾乎都是作推廣宣傳用，需要拍拍拍上傳上傳上傳

如果不習慣此模式可能不適合來(？

代幣是各個關卡蒐集後去外面轉扭蛋，也有送一些小贈品可以拿
我一共扭了12次+朋友送的一樣
https://i.imgur.com/BVjKIj7.jpg
(外面的攤位也能拿代幣跟贈品)
我抖音攤位沒有夾到禮物QQ......是不是該學一下夾娃娃機.....
ps.還有抽到飲料......(雖然等超久但辛苦了
https://i.imgur.com/yUKTwKM.jpg


我是覺得這個活動很有誠意，但可能是越晚人數太多導致很多人沒拿到藍袋袋.......
https://i.imgur.com/drAKXYt.jpg
這是14第一批的情況.....

https://i.imgur.com/Xg6Grm2.jpg
謝謝Dcard舉辦活動，小細節都算流暢，尤其是幫忙拍照的工作人員(比心❤都很會拍
希望下次活動辦得更好不會有那麼多罵聲.....
我是覺得如果只有早鳥票才能拿應該先講，或是要說有數量限制.....

其實我也是莫名其妙聽到大聲公說要發OO卷(聲音實在不大講很快聽不懂)~~~~之類的才去問工作人員，他跟我說要去後面排隊，領卷出去拿袋子，且出去後不能再進來.....",#心得 早鳥14點第一批,2018-10-06T13:44:12.575Z,2018-10-06T14:11:42.450Z,10,51,F
229798965,"晚上六點進華山Dcard午夜實驗室
我們是衝著裝滿化妝品試用品的藍色袋子去的
但是！？！？！？！？！？！？！？！？！？
到了沒有拿到
反而
只能看工作人員台上放著的藍色袋子悲哀
進去逛完後
我們拿著近40個代幣準備到扭蛋區開抽
最後竟然拿到同數量的卸妝水！！！
https://i.imgur.com/Z44dmyX.jpg
想說用40罐卸妝水換4罐防曬噴霧
可是工作人員也說不行喔~~~~",午夜實驗室=卸妝水實驗室,2018-10-06T13:33:50.939Z,2018-10-06T13:33:50.939Z,30,34,F
229798890,"今天和可愛的小夥伴一起來
我們以為和一般扭蛋一樣
扭一次至少需要6枚
為了紙膠帶 蒐集了一堆代幣
出來發現一次只要一枚
所以....
https://i.imgur.com/3rHiqJJ.jpg
沒錯我們得到了42瓶理膚寶水
結果一個紙膠帶都沒有哈哈哈

嗯 而且我們沒有拿到藍色小袋袋
明明是早鳥的說ಥ_ಥ",滿滿的理膚寶水,2018-10-06T13:19:55.566Z,2018-10-06T13:20:34.556Z,21,41,F
229798812,"「小閃光們走路能不能小心點！！
為什麼非要撞在我心上呢❤️❤️❤️」
大家好，我是閃光✨
不是你的閃光，是 Dcard 午夜實驗室的偉大科學家 - 閃光。
今天小閃光們也太捧場啦❗️
閃光在人群中亂彈的時候
被小閃光們撞到一顆心嫑嫑der～

http://i.imgur.com/dDPYO91.jpg


明天還有一場早上10:00就開場囉😆
不管是還沒來玩的小閃光
還是今天已經來玩的小閃光✨
明天閃光還是非～常期待可以看到大家☺

小閃光們看👀
這是閃光今天記錄到的一些照片
小閃光們看起來真的很興奮的在場內玩耍內

http://i.imgur.com/nHUgi0I.jpg

http://i.imgur.com/jMe38Ew.jpg

http://i.imgur.com/zggJEGY.jpg


最後，就跟閃光一起來回顧今日的影片吧😺
https://youtu.be/AMfYK6Ww9dU

🔸時間 🔸
第一天：10/6 下午2點 ～ 晚上8點
第二天：10/7 上午10點 ～ 晚上8點
🔸地點 🔸
華山文創園區／紅磚西 1 館（大草皮對面！）
想知道更多資訊⬇️
記得追蹤「閃光」和訂閱午夜實驗室看板～
閃光跟你在午夜實驗室不見不散",🎉午夜實驗室首日花絮來啦🎉,2018-10-06T13:06:48.186Z,2018-10-06T13:17:20.322Z,9,347,D
229798696,"今天第一天來，還大老遠從礁溪回來，但實在很想要袋子，很喜歡Dcard,所以忍痛還是去了。排隊排到快二個小時，看一堆人拿著，我每個遊戲都玩了，後來還是拿不到。
在這，100-200收 我是認真很想要，感恩。",我真的很想要袋子,2018-10-06T12:47:15.203Z,2018-10-06T12:47:15.203Z,5,9,F
229798660,"來分享一下今天去拿到的東西😀
我是有搶到早鳥票的場次是下午3點

下面是藍色提袋的內容物https://i.imgur.com/b6GOxO1.jpg

扭蛋扭到的
https://i.imgur.com/lTsrjDM.jpg

試管糖果
https://i.imgur.com/HeFkXib.jpg

裡面拍照打卡送的
https://i.imgur.com/UW5RTnD.jpg

抖音拍照打卡夾扭蛋夾到的https://i.imgur.com/5Af5Stp.jpg
不過我看很多人拿到的是漁夫帽

飲料提袋
https://i.imgur.com/8uftFkf.jpg
--------------------------------------------------------------------------------
不過要一直排隊好討厭😅
第一次發文請多多指教~",午夜實驗室開箱,2018-10-06T12:40:24.304Z,2018-10-06T17:07:41.950Z,16,10,F
229798598,"騙人的活動
贈品量不控制
當晚上的人傻子
浪費大家時間
藍色袋子七早八早就沒了
早鳥票填晚上都白痴嗎？",騙人的鳥活動,2018-10-06T12:26:07.348Z,2018-10-06T12:26:07.348Z,12,38,M
229798470,"應該是因為清場的關係
所以在進場約一個小時後工作人員用大聲公說
大家可以到出口處拿袋子喔～
出口有人發放「午夜小驚喜」禮物卷
而且出去之後就不能入場了
.
工作人員有提到說是限量的
內容物我覺得蠻大方的
大多是贊助廠商的東西
有衛生棉、面膜、扇子、一堆化妝品試用包！
https://i.imgur.com/dOms56W.jpg
（還有一些沒拍進來）
大家可以去拿～～～喜翻❤️❤️",藍色小提袋,2018-10-06T12:03:28.126Z,2018-10-06T12:03:28.126Z,8,19,F
229798372,"我們選晚一點場次的都沒有拿到
""藍色袋子""
說有名額限制
但其實明明還有....說是要給明天的.....

當初應該早點告知啊
這樣我就會選早一點的場次啊

覺得極度失望......
第一次參加到那麼悶的活動.......

啊啊啊啊啊啊啊
主辦單位是不是應該給我們一個合理交代",早鳥沒有藍色袋子!,2018-10-06T11:47:41.939Z,2018-10-06T11:47:41.939Z,29,43,M
229798212,"懶人包：台北Dcard贊助商產品銷售展

從南投跑上來台北參加

結果真的蠻失望
才不是沒有藍色手提袋就失望呢（誤

裡面唯二兩個Dcard活動就是
電流實驗室跟一個卡友的活動
其他大概近10個攤位都是贊助商介紹產品

來說說這兩個活動
如果情侶去的話當然就一起玩
自己去就隨便前後找個人
抽卡的部分就是兩個一組
然後一個躲在門後（妳已經知道對方是誰
然後露個手或是一些身上的部位
讓你猜哪個是你的小夥伴
猜對了送一個廠商贈品QQ
電流實驗室就是電流急急棒
一樣兩個一組  大概30秒通關結束一個代幣

沒有那種可以認識新朋友的感覺
所以自己去真的是蠻無趣的
強烈建議帶朋友一起去

補個
對了
辛辛苦苦排隊拿代幣出來
除了廠商試用品之外
還有一堆幹話小紙條呢（真棒
面膜、防曬噴霧、睫毛膏、乳液什麼的
然後我抽一大票送給坐在旁邊的人了😂

最後感謝辛苦的工作人員😊",午夜實驗室心得,2018-10-06T11:15:55.435Z,2018-10-06T15:59:47.078Z,11,59,M
229798106,"「留下你的一片真心，
也別忘了帶走我的一紙情意。」💕

大家好，我是閃光✨
不是你的閃光，是 Dcard 午夜實驗室的偉大科學家 - 閃光。

相信小閃光們都有滿腹的話語想要和其他小閃光們說吧✨
喔? 還是其實根本沒有….嗚嗚嗚嗚😭
不管啦！不管有沒有！
小閃光們一定要來午夜佈告欄

http://i.imgur.com/T2zubnK.jpg


閃光想邀請小閃光們用小紙條寫下「任何」
你想與陌生小閃光們說的話😁
寫好後 
隨意找個心儀的洞洞塞進去
接著，再隨意的抽出一張心儀❤️的紙條

http://i.imgur.com/lodV2II.jpg

誒？！
小閃光你問都會有誰來寫這些紙條嗎?📄
當然 
除了現場參加活動的小閃光們外
裡頭還藏了好多 Dcard 員工想對小閃光們說的話呦
噓！這是小驚喜內～不能說太大聲
可愛的小閃光們自己知道就好
如果小閃光們想要知道 Dcard 的大家想和小閃光們說什麼的話
秘訣就是❗️❗️
先到先贏(氣音
越晚來，裡頭就會塞了越多其他小閃光的紙條
那…抽中的機率當然就…….
好了，不多說了🤫
閃光相信聰慧的小閃光會自己看者辦的
一定要來寫寫字條呦✍️
不見不散 不見不散😆

http://i.imgur.com/CZHlIoi.jpg


🔸時間 🔸
第一天：10/6 下午2點 ～ 晚上8點
第二天：10/7 上午10點 ～ 晚上8點
🔸地點 🔸
華山文創園區／紅磚西 1 館（大草皮對面！）

👉想知道更多資訊
記得追蹤「閃光」和訂閱午夜實驗室看板～",午夜實驗室-午夜佈告欄,2018-10-06T10:47:12.868Z,2018-10-06T10:47:12.868Z,6,8,D
229798070,"我本來有拿早鳥票
因為改期不確定能不能去後來就沒有搶票
後來看到藍色袋子蠻吸引我決定去看看順便拿禮物
今天跟朋友15:00到 拿到17X號
當下看到其實決定要走
後來在華山走走逛逛發現快到我們就決定回去
我們真正入場時間是16:30
相當於等了一個半小時
進去之後拿了糖果 
https://i.imgur.com/ql6gg0M.jpg
參加了幾個活動拿代幣
很多活動都要打卡拍照我覺得麻煩所以都沒有做
抽卡實驗看起來很尷尬 
而且排隊的人也超多就沒有去😂
最後扭蛋我轉了五個吧 
有三個是完全沒禮物的
https://i.imgur.com/COvWCZm.jpg
最後拿到的禮物
粉色這包我還拿到一樣的
重複的不能換😅
聽說紙膠帶是限量滿可愛的
https://i.imgur.com/0XJtTke.jpg
https://i.imgur.com/heTDR1T.jpg
其實我是為了藍色袋子去 
工作人員說是給早鳥或參加活動隨機給
參加什麼活動沒特別說
今天參加完我真的不知道我到底參加了什麼🤔
可能是活動我們剛好都沒什麼興趣吧 
我們都很淡定
看其他人好像滿high
最後感謝朋友和她男友陪我來😂",活動感想,2018-10-06T10:37:12.251Z,2018-10-06T10:42:07.498Z,45,51,F
229797923,"「想知道 Dcard 和五月天的淵源嗎？
 去扭吧！閃光把所有秘密都藏在那裡了。 」

大家好，我是閃光✨
不是你的閃光，是 Dcard 午夜實驗室的偉大科學家 - 閃光。

燈燈燈燈💡 看到這個照片
大家想必也知道這是什麼了吧😆
沒錯❗這裡就是神秘扭蛋機啦🥚


http://i.imgur.com/zo9ya1y.jpg


還記得閃光之前有問過小閃光們
最好奇 Dcard 哪些問題嗎？
有人回幕後小編的秘密
也有小閃光想知道
Dcard 的自介有多少人想挑戰高空彈跳？
閃光把你們疑問的答案都找出來啦 
解答就放在扭蛋裡！

🥚🥚🥚🥚🥚🥚🥚🥚🥚🥚🥚🥚🥚🥚🥚
但，要怎麼樣才能轉蛋呢?
Hen～簡單
只要到活動攤位完成主持人指定任務
就可以獲得啦！
對了！對了！
扭蛋裡面只是 Dcard 小秘密而已
還有很多午夜實驗室周邊禮物喔

http://i.imgur.com/jTCY4Nn.jpg

想要挖寶 
想要滿足好奇心的小閃光們
快來午夜實驗室扭出驚奇吧！！
🔸時間 🔸
第一天：10/6 下午2點 ～ 晚上8點
第二天：10/7 上午10點 ～ 晚上8點
🔸地點 🔸
華山文創園區／紅磚西 1 館（大草皮對面！）",Dcard午夜實驗室🥚扭蛋區大揭密！,2018-10-06T10:03:05.594Z,2018-10-06T10:03:05.594Z,1,129,D
229797894,"「反正我想
我唯一想聚焦的美也只有你了 📸 」

大家好，我是閃光✨
不是你的閃光，是 Dcard 午夜實驗室的偉大科學家 - 閃光。

別說閃光不了解小閃光們
尖叫吧！看看閃光都為大家準備了什麼～

來到午夜實驗室
就是要讓你的相機記憶體被塞爆
閃光燈閃閃閃不完 ✨  ✨ 

盡情按下快門吧小閃光～
閃光想看你們那總令我心顫的笑容 😁 
誒！
是不是又再度被我撩到了呢
好啦～不鬧 XD
如果你曾是個懷抱明星夢的小閃光
午夜實驗室絕對是一個可以讓你好好伸展的舞台
今年午夜實驗室除了球池 🏐 
http://i.imgur.com/30HGi3R.jpg

和美到炸掉的網美牆以外
http://i.imgur.com/QDjN6gw.jpg


http://i.imgur.com/dTCWvtZ.jpg

還多增加了讓小閃光怎麼拍怎麼時尚的雜誌框 📖 

http://i.imgur.com/mMlsTgj.jpg


http://i.imgur.com/QVKjUES.jpg

http://i.imgur.com/4o9pMVH.jpg

除了這些之外
還有很多熱門拍照點等著你挖掘喔 📸  📸 
好多點排滿了人呢 😲  

強壯的手臂和行動電源請都先準備好吧 💪🏽 
不然到時候拍到沒電或是拍到手抽筋可就不好囉 
講了這麼多，相信小閃光也心動了吧
心動就快到活動現場找閃光一起玩吧

🔸時間 🔸
第一天：10/6 下午2點 ～ 晚上8點
第二天：10/7 上午10點 ～ 晚上8點

🔸地點 🔸
華山文創園區／紅磚西 1 館（大草皮對面！）
想知道更多資訊
記得追蹤「閃光」和訂閱午夜實驗室看板～",Dcard午夜實驗室-快門實驗室📸,2018-10-06T09:57:36.344Z,2018-10-07T01:26:48.558Z,2,68,D
229797608,"有人知道藍色袋子裡面有什麼嗎
我還以為都可以拿
結果出來還是沒拿到
-
但是沒拿到小袋子的也不用灰心
可以把希望放在扭蛋機上
只是拿代幣有點麻煩就是了
-
附上我跟我朋友扭到的東西
https://i.imgur.com/8Sdd6RQ.jpg
我們兩個很努力的在收集代幣
打卡打到手機都沒電了🤦",藍色袋子,2018-10-06T08:56:27.880Z,2018-10-06T13:04:12.463Z,34,13,F
229797588,"誰是那個時候的場的ㄚ
單獨一個人會不會很尷尬ㄚQAQ
多一張誰有要",10/7  14:00的場,2018-10-06T08:52:38.604Z,2018-10-06T08:52:38.604Z,58,3,M
229797513,"本來想拿袋子
裡面的人說外面也有發
結果出來了
問了外面的人說
只有裡面會發
有人不要可以讓嘛qwqq",想問袋子怎麼拿,2018-10-06T08:37:43.523Z,2018-10-06T08:37:43.523Z,19,7,F
229797488,"「希望打開門後看見的是你
我夢見好多次的那個你 😴 」

大家好，我是閃光✨
不是你的閃光，是 Dcard 午夜實驗室的偉大科學家 - 閃光。

注意注意注意注意  ❗️ ❕ 
小閃光們看這裡
現在閃光要向大家介紹的攤位
可是這次活動的重頭戲呦
來   👇🏼   👇🏼  
小閃光猜猜看這個是什麼？

http://i.imgur.com/NhjnLCg.jpg

怎麼樣，猜出來了嗎?
沒錯！這次閃光把 Dcard 上的午夜抽卡實體化了!!!

抽卡實驗室 
要用小閃光最意想不到的方式 
現場配對小閃光
兩個原本互不認識的小閃光
進入面對著擺放的命運之門 🚪  🚪 

http://i.imgur.com/OW3BPhh.jpg

接著，拿起門邊的傳聲筒先自我介紹 📣 
進行初步的認識
還沒結束呦！
門上有三個小窗子 🔳 
小閃光可以決定要開哪個窗子
讓雙方藉由露出的一點點部位
（可能是肚子、可能是腿、也可能是腳指頭XD)
來決定要不要成為彼此命定的緣分 🙆🏽‍

http://i.imgur.com/1JGkTFr.jpg

做完上面這些簡單認識後
如果兩個人都想認識彼此
就代表配對成功
門打開就會看見對方 😍  😍 

http://i.imgur.com/3HgzvPq.jpg

最後，再到旁邊的小鞦韆一起拍張照！

http://i.imgur.com/TCdTgLC.jpg

http://i.imgur.com/Hzk3zl0.jpg

但....如果有一方不願意認識
命運之門就會變成殘酷之門
打開門之後什麼都沒有 XD

怎麼樣
聽起來很有趣吧!!
想認識新朋友的
想抽到心目中男神女神的
還有想藉機脫魯的小閃光 👫  
快來玩抽卡實驗室吧!!

🔸時間 🔸
第一天：10/6 下午2點 ～ 晚上8點
第二天：10/7 上午10點 ～ 晚上8點

🔸地點 🔸
華山文創園區／紅磚西 1 館（大草皮對面！）
想知道更多資訊
記得追蹤「閃光」和訂閱午夜實驗室看板～",Dcard午夜實驗室-抽卡實驗室🚪,2018-10-06T08:33:09.265Z,2018-10-06T08:33:27.364Z,8,148,D
229797314,"好奇
開個直播可以吸引更多人吧
像是下一次參與人數可能會增加？
也有看到要求開高雄場的
前提當然是辦的好啦",這活動沒開直播嗎？,2018-10-06T07:50:37.789Z,2018-10-06T07:50:37.789Z,3,3,M
229797239,"https://i.imgur.com/SOwUFds.jpg
實驗室元素
但又有點夜店風🤔
https://i.imgur.com/IypJAep.jpg
https://i.imgur.com/QPkuriC.jpg
https://i.imgur.com/N5SHsMk.jpg
不太敢爬進球池...",美美的午夜實驗室💕,2018-10-06T07:33:22.335Z,2018-10-06T07:33:22.335Z,2,7,F
229797226,"「不想讓你被刺激的電流傷害
但我想與你擦出不一樣的花火 👩‍❤️‍💋‍👩 」

大家好，我是閃光✨
不是你的閃光，是 Dcard 午夜實驗室的偉大科學家 - 閃光。

哈摟 😄  😄 
大家玩得盡興嗎
有沒有小閃光已經玩過閃光超熱門的攤位-電流實驗室了呢?
還沒有來玩的小閃光們
現在閃光我就來跟你們介紹一下吧

http://i.imgur.com/QNMVpD7.jpg

基本上呢 這個活動有點類似電流急急棒
只不過是合作模式呦 👍   👍  

http://i.imgur.com/8rgm4Ls.jpg

兩個人分別從兩端移動棒子 
經過重重阻礙到最後會合

http://i.imgur.com/dBBRWqe.jpg

據說成功通過的情侶 
感情會更佳的堅定 💑 
閨蜜間感情會更好 
成功通過的曖昧對象  
戀情也會進一步昇華喔 😍 

圖片看不過癮
來看看實際影片吧 ⭐️ 
https://www.youtube.com/watch?v=r9pbd6VsE5A

哎呀 
閃光都幫你們做球到這裡了
還不趕快帶著心儀的對象來玩
說不定過幾天就可以在「閃光get」的 Dcard 情節發生囉 👫 
好啦～話不多說
第一天的活動時間只到晚上8點喔
還沒來的小閃光快快移動腳步了
閃光還在午夜實驗室等著你們呢～

🔸時間 🔸
第一天：10/6 下午2點 ～ 晚上8點
第二天：10/7 上午10點 ～ 晚上8點

🔸地點 🔸
華山文創園區／紅磚西 1 館（大草皮對面！）
想知道更多資訊
記得追蹤「閃光」和訂閱午夜實驗室看板～",Dcard午夜實驗室--電流實驗室⚡️⚡️,2018-10-06T07:30:53.020Z,2018-10-06T07:30:53.020Z,8,119,D
229797088,"https://i.imgur.com/zmr1uoD.jpg

扇子好可愛❤️
現場人好多喔！我不會說我是為了袋子來的😂",來玩來玩～,2018-10-06T07:02:44.451Z,2018-10-06T07:02:44.451Z,11,7,F
229796279,"#更
10/7（日）午夜實驗室最後一天
小閃光們快到現場來排隊吧！！
---------------------------------------------------

大家好，我是閃光✨
不是你的閃光，是 Dcard 午夜實驗室的偉大科學家 - 閃光。

今天是午夜實驗室的最後一天🤗 
還沒出門的小閃光
趕快移動你的身體來排隊
今年的午夜實驗室不來
一定會後悔很久的!!!!!!

閃光我就拍些現場照片給小閃光們看
這可是閃光籌辦好幾個月的成果呢（驕傲 

來來
小閃光們快來看看今天的活動盛況吧
https://www.youtube.com/watch?v=AMfYK6Ww9dU

http://i.imgur.com/ZNakvo1.jpg
這個就是我們午夜實驗室的入口啦
有沒有很Q呢 😍  😍 
http://i.imgur.com/MyTXMXh.jpg
電流實驗室☝️☝️☝️
http://i.imgur.com/x5Iv5IT.jpg
繽紛糖果免費拿！！
http://i.imgur.com/kttipv2.jpg
http://i.imgur.com/a3myGbl.jpg

http://i.imgur.com/ztAuwRj.jpg

http://i.imgur.com/qcyYJTF.jpg
http://i.imgur.com/kwOOAQP.jpg
https://i.imgur.com/Kx4ouvu.jpg

怎麼樣? 
看了之後是不是超級想來呢
趁著假日天氣好 
快來排隊入場吧!

排隊小撇步請參考這篇 👇 
https://www.dcard.tw/f/midnightlab/p/229796064

小閃光們一定要來啊 ❗❗❗

🔸時間 🔸
10/7 （日）上午10點 ～ 晚上8點

🔸地點 🔸
華山文創園區／紅磚西 1 館（大草皮對面！）
想知道更多資訊
記得追蹤「閃光」和訂閱午夜實驗室看板～
閃光跟你在午夜實驗室不見不散",#更 Dcard午夜實驗室 進場搶先看📸📸,2018-10-06T03:55:21.243Z,2018-10-06T17:00:18.068Z,310,3643,D
229796185,有人有明天多的票嗎？我好想去喔😭😭😭😭,好想去的女子,2018-10-06T03:34:11.318Z,2018-10-06T03:34:11.318Z,12,2,F
229796064,"10/7 入場號碼看這邊喔
https://www.dcard.tw/f/midnightlab/p/229801799

大家好，我是閃光✨
不是你的閃光，是 Dcard 午夜實驗室的偉大科學家 - 閃光。

非常感謝小閃光們蒞臨午夜實驗室🙌
因為活動人潮踴躍
所以閃光會視館內的人潮
來決定現場排隊小閃光
可以進場的時間和人數～
造成小閃光的不便和等待
還請大家多多包涵 🙇‍♀️ 🙇‍♂️🙇‍♀️ 🙇‍♂️

⚠排隊貼心2小撇步⚠
1.
只要掃一下號碼牌上的 QR code
小閃光就可以知道叫號進度
2.
收藏這篇文章+留言
還可以隨時接收到推播
不用怕過號的情況發生👌
已進場的小閃光如果不想收到通知
也只要取消收藏就可以囉！

另外呀～
在等待的時間
小閃光可以去玩下在場館外的攤位🙈
下面就來介紹這次準備了哪些戶外攤位：

🔸快門實驗室🔸

卡擦卡擦卡擦 📸
小閃光們聽見快門的聲音了嗎？
來到快門實驗室請把你的手機、相機準備好
這裡有全台灣最好拍的設施
不管小閃光要躺著拍，還是坐著拍都好看 🙆‍♀

🔸午夜佈告欄 🔸

嘿！聽說牆上有人留下訊息要給你！

來到午夜佈告欄
你可能會收到來自 Dcard 內部的紙條 📜
也可能會收到其他小閃光寫的紙條
每張小紙條都有著不同的故事 📖

閃光希望來到午夜實驗室的小閃光們
都來帶走牆上任一張紙條
讓文字代替閃光傳遞溫暖給你們☀：）


🔸午夜敲鐘🔸

每個整點，午夜的鐘聲都會響起🌃
這時候要快快跑到舞台區
那邊有人要灑禮物喔喔喔 🎁

只要完成主持人指定的小任務
就可以把禮物帶回家～
哎呀！那個最大獎...連閃光都想要😍

以上就是本次好好玩的戶外攤位
小閃光拿完號碼牌
記得要去親自體驗喔！！",現場排隊的小閃光看這邊🤘,2018-10-06T02:59:34.033Z,2018-10-07T02:31:26.352Z,111,216,D
229794746,"有誰是10/7 15：00那場的🤣
一起巧遇吧😂😎哈哈",好奇的想問問誰是10/7 15：00那場的呀😂😂,2018-10-05T17:15:59.472Z,2018-10-05T17:15:59.472Z,9,4,F
229791388,"有人有多票可以讓沒票女子的我一起去的嗎

好可憐
好想去",沒搶到票,2018-10-05T08:04:03.443Z,2018-10-05T08:04:03.443Z,28,3,F
229791124,"大家好，我是閃光✨
不是你的閃光，是 Dcard 午夜實驗室的偉大科學家 - 閃光。

Dcard 午夜實驗室進入最後倒數啦！！！

以下整理小閃光們要知道 Dcard 午夜實驗室的行前須知🏃🏻


【活動時間 】
 第一天：10/6(六) 下午2點 ～ 晚上8點
 第二天：10/7(日) 上午10點 ～ 晚上8點

【活動地點】
 華山文創園區／紅磚西 1 館（大草皮對面！）
http://i.imgur.com/epE92jB.jpg
詳細交通教學看這裡👇
https://www.dcard.tw/f/midnightlab/p/229783872

【室外攤位】
http://i.imgur.com/pmDsNpm.jpg

【室內攤位】
http://i.imgur.com/TmTrkSu.jpg
更多資訊看>>https://midnightlab.dcard.tw
 

【進場須知】

⚠️持早鳥票的小閃光們，請務必準時到達🕘遲到需要進候補區等待，入場時間視現場人流而定喔！

⚠️報名早鳥「雙人票」的小閃光，要確定自己的夥伴是 Dcard 會員，並且在當天出示 Dcard 會員頁

⚠️沒有搶到早鳥沒關係，可以現場排隊領取號碼牌後在室外攤外逛逛，只要輕鬆掃 QRcode 就能知道排隊進度，不怕久站曬成人乾啦～
 https://www.dcard.tw/f/midnightlab/p/229764433

⚠️這次現場有很多辛苦幫大家紀錄點滴的快門小天使，會幫大家拍下美美、帥帥的瞬間，小閃光們不要害羞，大方的對鏡頭展現你最有自信的角度！閃光會挑選今日你最正/帥，送你上 Dcard 熱門🔥


【排隊小叮嚀】

❣️活動當天可能受颱風影響，記得帶件小外套保暖、一把傘來遮陽蔽雨唷！

❣️請依照號碼牌進度排隊，排隊時可以和周遭卡友聊聊天💬

❣️最最最重要：帶著快樂的心情來參加 Dcard 午夜實驗室吧：）


記得＋追蹤「閃光」和訂閱-午夜實驗室板- 閃光即將現身啦！>>
https://www.dcard.tw/f/midnightlab",📣午夜實驗室「行前須知」：小閃光們一起快樂參加活動吧✨,2018-10-05T07:16:34.302Z,2020-02-27T02:54:19.060Z,258,1404,D
229783872,"大家好，我是閃光✨
不是你的閃光，是 Dcard 午夜實驗室的偉大科學家 - 閃光。

這個週末就是午夜實驗室啦！！
不用問閃光也知道
小閃光們肯定是非常期待的吧 😏

為了避免當天有小閃光迷路 😱
今天閃光特別要來教大家
該怎麼到午夜實驗室的活動現場 🏃‍♂
啊～閃光又再一次被閃光的貼心感動到哭 🤣🤣

來啦～這次閃光派出了狗狗 gentle ＆貓貓 mumu
要來實際帶小閃光走一次，如何到活動現場 😍

https://www.youtube.com/watch?v=TlLOUS2jk2g

看完影片以後是不是被 gentle & mumu 萌到啊😏

咦❗
小閃光你說還是看不懂嗎？
不然下面還有圖文版👇👇

小閃光如果是搭捷運 or 公車的話
可以參考下面的路線資訊
再搭配簡易的路線圖

🔸搭公車🔸
忠孝國小：232、232(副)、605、605(副)、605(新台五線)、665
華山公園：669
審計部(忠孝東路)：205、232、232(副)、262(區間)、276、299、忠孝新幹線

🔸搭捷運🔸
板南線(藍線)善導寺站6號出口步行約5分鐘
或忠孝新生站1號出口步行約10分鐘

http://i.imgur.com/UyrDMDD.jpg


以上～就是閃光影音＆圖文版教學
如果還是不懂，就跟著人潮走吧～
10/6、10/7 當天人潮一定滿滿滿 🙌
捷運站、公車站附近的人
一定都是要來午夜實驗室玩耍的小閃光🤣🤣

都派出狗狗跟貓貓了🐶🐱
小閃光們一定要來啊 ❗❗❗

🔸時間 🔸
第一天：10/6 下午2點 ～ 晚上8點
第二天：10/7 上午10點 ～ 晚上8點

🔸地點 🔸
華山文創園區／紅磚西 1 館（大草皮對面！）

想知道更多資訊
記得追蹤「閃光」和訂閱午夜實驗室看板～",#有片 午夜實驗室該怎麼去呢？,2018-10-04T05:22:01.532Z,2020-02-27T02:54:18.989Z,29,912,D
229781183,"搶到了兩人的票
但是問了比較好的朋友都沒有意願想來
有人願意跟我一起嗎  ┐(´д｀)┌ 
還是有人也是這個時段呢~~",10/7  11：00,2018-10-03T16:13:01.115Z,2018-10-03T16:13:01.115Z,58,12,F
229780952,"我想問一個笨問題
我有搶到早鳥票，可是我東滑西找都沒看到有文章提到當天要怎麼驗明有搶到票，是要去註冊信箱收票嗎？！還是出示手機證明我有Dcard，口頭說「我有搶到票哦～」就可以了？🤔",入場門票,2018-10-03T15:47:05.574Z,2018-10-03T15:47:05.574Z,4,9,F
229778057,"歐啦！我是閃光✨
不是你的閃光，是 Dcard 午夜實驗室的偉大科學家 - 閃光。

因為最近多了很多閃光好友
所以閃光今天佛心大發 😎
要跟大家分享【午夜實驗室看板】的限定隱藏版彩蛋功能🙊
找到彩蛋的你就可以獲得活動扭蛋代幣
扭蛋裡面會藏有關於 Dcard 的小秘密 😀
想知道 Dcard 和五月天淵源的你一定不能錯過 🙌

好啦～講了這麼多
那麼最大的限定隱藏版彩蛋藏在哪呢 🤔

可愛的閃光們一定知道
最近 Dcard 在校板、廢文還有寵物板新增閃亮亮的限時動態吧？
（記得要更新到最新版的 Dcard❗）

沒錯！

最
大
的
限
定
隱
藏
版
彩
蛋
 🎉
就
在
限
時
動
態
裡
！ 

現在～
就讓閃光手把手地教大家怎麼找到限定隱藏版彩蛋吧 😎

首先，打開午夜實驗室板的限時動態 

http://i.imgur.com/TiWoZOl.png

接下來新增限時動態
這個時候會跳出地理位置請求

 ⚠️記得一定要打開讓閃光知道你的位置，才能能找到彩蛋喲⚠️

http://i.imgur.com/2OQRDrx.png

再來，就是最最最最最最重要的一步～
和閃光一起拍張照
並讓所有人知道你「閃光 ✨GET 」啦！

http://i.imgur.com/xa6YtXF.jpg

接著，噹噹噹噹噹噹就是傳說中的神祕彩蛋囉～ 
點選右上方的頭像 icon
鏘鏘 ✨
還有更多可愛的閃光貼圖可以使用喔～
讓午夜實驗室的貼圖讓你的照片更有趣 😍

http://i.imgur.com/pmzsVCm.png

最後就是送出啦！ 
快炫耀「閃光 ✨GET 」的證據給你所有 fb、ig 的朋友吧！

誒誒！等等！
小閃光是不是都找不到最大的限定隱藏版彩蛋啊 😎
嘿嘿嘿嘿～
那是因為這次的彩蛋
要在活動期間到現場才能順利找到
所以才叫限定隱藏版嘛 😉

⚠️ 小提醒：一定要記得更新 Dcard App 喲 ⚠️

閃光和你在午夜實驗室不見不散

🔸時間 🔸
第一天：10/6 下午2點 ～ 晚上8點
第二天：10/7 上午10點 ～ 晚上8點

🔸地點 🔸
華山文創園區／紅磚西 1 館（大草皮對面！）

想知道更多資訊
記得追蹤「閃光」和訂閱午夜實驗室看板～",午夜實驗室限定隱藏版彩蛋大公開 🎊,2018-10-03T08:08:23.961Z,2018-10-05T07:17:14.297Z,737,2343,D
229770245,"大家好，我是閃光✨
不是你的閃光，是 Dcard 午夜實驗室的偉大科學家 - 閃光。

小閃光們是不是很期待週末的 Dcard 午夜實驗室呢？

沒搶到早鳥也不緊張，現場還能排隊進場👇
還有貼心號碼牌，掃一下 QRcode 就能知道排隊進度～
https://www.dcard.tw/f/midnightlab/p/229764433

這次閃光要讓大家玩得開心，還能滿載而歸！

現在就來介紹這一～長～串～的禮物清單🎁


✨限量閃光透明袋
http://i.imgur.com/doDSffJ.jpg
你沒看錯～👀就是裝的滿滿滿！

閃光透明袋平時也可以拿來裝自己的小物😙
Dcard 同事們看到馬上搶來背～
各種穿搭 & 風格都適用，以下馬上由三位同事示範閃光透明袋 x 辦公室穿搭！

http://i.imgur.com/h6Ke3Fa.jpg

http://i.imgur.com/ofXQGB2.jpg


🦅早鳥限定禮：哈可星人也愛地球環保杯套
http://i.imgur.com/50z6qPJ.jpg
喝手搖也要環保，Dcard 杯套讓你帶著走👣


🌸閃光與他們的朋友紋身貼紙
http://i.imgur.com/GzoqZ5V.jpg


🍻限量環保飲料杯（須加購）
http://i.imgur.com/tsUUKco.jpg


🎨限量驚喜扭蛋
http://i.imgur.com/9ndKIjR.jpg
超多好禮等你來轉！美妝小物、特製紙膠帶等 Dcard 限量神秘禮🎁


現場閃光還準備了精美糖果🍭 、Dcard 氣球🎈、可愛扇子🎐
還有各式各樣的攤位及隱藏小禮物，等你來探索喔！
 
https://www.dcard.tw/f/midnightlab/p/229725573
 

10/6 (六) 下午2點 ～ 晚上8點
10/7 (日) 上午10點 ～ 晚上8點

Dcard 午夜實驗室在華山文創園區／紅磚西 1 館，與你不見不散！


記得＋追蹤「閃光」和訂閱-午夜實驗室板-更多午夜資訊報你知>>
https://www.dcard.tw/f/midnightlab",裝到滿滿滿的小禮物～🎁 在 Dcard 午夜實驗室等你帶回家！,2018-10-02T05:16:12.719Z,2018-10-02T10:20:52.454Z,178,1817,D
229766469,"這一個活動如果一個人去會不會很尷尬？
畢竟彼此不認識，而且個人慢熱
怕到時候有互動性活動會很乾",好奇問一下,2018-10-01T14:09:55.335Z,2018-10-01T14:09:55.335Z,49,27,M
229765276,"我第一次有搶到9/29的票
但延期後的搶票時間我錯過了 所以我沒有早鳥票了^_^
我好難過我想要早鳥票
唉",早鳥,2018-10-01T11:04:24.576Z,2018-10-01T11:04:24.576Z,10,10,F
229764433,"大家好，我是閃光✨
不是你的閃光，是 Dcard 午夜實驗室的偉大科學家 - 閃光。

閃光很開心的想跟大家分享一個好消息
午夜實驗室的早鳥票通通都搶完啦 🎉🎉🎉
報名這麼踴躍，閃光真是太感動了
不枉費這幾天閃光沒日沒夜地在為活動做準備 👍

不過沒搶到票的小閃光也不用難過
現場還是可以排隊進場喔 💓
你看你看～這是閃光準備給大家的號碼牌 🎫
當天只要掃一下上面的 QR code
就能知道目前叫到幾號入場 🙌
不用待在原地辛苦等待～

http://i.imgur.com/gdcAc0R.jpg

還有啊！
閃光要告訴小閃光們排隊的小秘訣 ✨

為了讓小閃光等待入場的時候不無聊
閃光特別準備了好多戶外攤位
讓小閃光們可以一邊等待一邊玩 🐾
閃光好貼心喔
快要被自己的貼心感動到哭 😭

好啦！閃光不廢話了😎
下面就來介紹這次準備了哪些戶外攤位
 
🔸快門實驗室🔸

卡擦卡擦卡擦 📸
小閃光們聽見快門的聲音了嗎？
來到快門實驗室請把你的手機、相機準備好
這裡有全台灣最好拍的設施
不管小閃光要躺著拍，還是坐著拍都好看 🙆‍♀

🔸午夜佈告欄 🔸

嘿！聽說牆上有人留下訊息要給你！

來到 午夜佈告欄
你可能會收到來自 Dcard 內部的紙條 📜
也可能會收到其他小閃光寫的紙條
每張小紙條都有著不同的故事 📖

閃光希望來到午夜實驗室的小閃光們
都來帶走牆上任一張紙條
讓文字代替閃光傳遞溫暖給你們☀：）

🔸午夜敲鐘🔸

每個整點，午夜的鐘聲都會響起🌃
這時候要快快跑到舞台區
那邊有人要灑禮物喔喔喔 🎁

只要完成主持人指定的小任務
就可以把禮物帶回家～
哎呀！那個最大獎...連閃光都想要😍

以上～就是閃光幫大家準備的戶外攤位
想了解其他攤位內容的話
請來看看下面這篇文章👇
https://www.dcard.tw/f/midnightlab/p/229725573

要記得喔

現場可以排隊免費入場喔❗

現場可以排隊免費入場喔❗

現場可以排隊免費入場喔❗

閃光在午夜實驗室和你們不見不散 🖐

🔸時間 🔸
 第一天：10/6 下午2點 ～ 晚上8點
 第二天：10/7 上午10點 ～ 晚上8點

🔸地點 🔸
 華山文創園區／紅磚西 1 館（大草皮對面！）

想知道更多資訊
記得追蹤「閃光」和訂閱午夜實驗室看板～",午夜實驗室沒搶到票？現場也可排隊呦 🙌,2018-10-01T08:34:39.652Z,2018-10-03T04:52:06.095Z,9,298,D
229757520,"https://i.imgur.com/FgeI4zG.jpg
有人缺票嗎
可以一起進場哦😆",一起~together,2018-09-30T09:01:20.035Z,2018-09-30T09:01:20.035Z,14,11,M
229755735,我是禮拜天的門票選了兩人，可是我朋友沒有唸大學，我看門票規則是要有Dcard會員，如果我朋友用普通電郵註冊DCARD會員，這樣能和我進去嗎？？,門票進場問題,2018-09-30T02:11:36.952Z,2018-09-30T02:11:36.952Z,2,6,M
229750758,"10/7 2點的有誰可以陪我去ㄚ
朋友突然有事不能去QAQ
害我還報名2人的",隊友跑走缺人陪ㄚ,2018-09-29T07:12:53.145Z,2018-09-29T07:13:14.362Z,17,8,M
229750154,"大家好，我是閃光✨
不是你的閃光，是 Dcard 午夜實驗室的偉大科學家 - 閃光。

閃光要告訴大家一個好消息！
午夜實驗室的第二梯次已經開放報名啦 🎉
時間是 9/29 下午1點 ～ 10/3 中午12點 
還沒有搶到票的小閃光，還不快手刀報名去 🏃‍♂

來來來～ 報名網址在這邊～ hen 貼心吧👇
https://midnightlab.dcard.tw/?dc_browser=true

對了！話說啊
最近這一個禮拜
閃光幾乎是沒在睡覺的在籌辦午夜實驗室
每次彈回家的時候
天早就不知道黑到哪裡去了🌃
不過沒關係！閃光很樂意加班！
因為前幾天遊樂場老闆跟我說
去年他辦的草地遊樂場有多～～少人來
笑閃光人氣絕對不可能超過老闆 🤨

你們說！老闆都這樣講了
閃光怎麼可以輸他勒 😏
一定要努力好好地辦
讓午夜實驗室的人潮滿滿滿
到時候閃光再來拍現場的照片拿去給老闆看（得意 😎

所以～小閃光們快去報名活動
幫閃光衝衝人氣吧哈哈哈哈 🤣🤣

下面附上兩天的活動時間：

第一天：10/6 下午2點 ～ 晚上8點
第二天：10/7 上午10點 ～ 晚上8點

有關午夜實驗室更多資訊
請追蹤【 閃光卡稱 】以及訂閱【 午夜實驗室看板 】
閃光會不定期更新資訊～",什麼❓❗ 你還沒報名午夜實驗室,2018-09-29T05:06:15.736Z,2018-09-29T05:06:15.736Z,10,134,D
229743309,"有人也是這時間嗎？
https://i.imgur.com/JaOciIJ.jpg",High起來,2018-09-28T04:01:57.023Z,2018-09-28T04:01:57.023Z,17,10,M
229739334,"大家好，我是閃光✨
不是你的閃光，是 Dcard 午夜實驗室的偉大科學家 - 閃光。

大家有看到昨天晚上的活動延期公告嗎～
https://www.dcard.tw/f/midnightlab/p/229732527

颱風天小閃光們記得好好待在家裡🏡
以免外出發生危險！！

活動雖然延期了一個禮拜
但是多出來的這段時間
閃光更會好好地捲起袖子💪
努力創造出史上最好玩的午夜實驗室
讓每個來玩的小閃光都能臉上掛滿笑容回家

閃光有聽到小閃光們有在問
先前已搶到早鳥票的怎麼辦？
不要擔心 👌
如果你是先前已經報名的小閃光
請記得在【 9/28 中午12點 ～ 9/29 中午12點 】
到活動網站去報名入場時段喔～
閃光將優先開放報名入口給你們！

http://i.imgur.com/jQjXH5a.jpg


以下附上活動報名網址：
https://midnightlab.dcard.tw/?dc_browser=true

那不小心錯過了怎麼辦呢？
只能參加第二梯次的搶票時段了😭
【 9/29 下午1點 ～ 10/3 中午12點 】
會全面開放報名入口讓所有小閃光搶票
第一梯次沒搶到早鳥票的小閃光
這時候一定要來準時搶票喔 🙏

但如果....都沒搶到的話

現場還是可以排隊入場❗❗❗❗

謝謝小閃光們對午夜實驗室的鼓勵與支持
閃光和你們 10/6 號見 💞

有關午夜實驗室更多資訊
請追蹤【 閃光卡稱 】以及訂閱【 午夜實驗室看板 】
閃光會不定期更新資訊～",9/28.29 午夜實驗室早鳥報名梯次📜,2018-09-27T12:38:48.733Z,2018-09-28T04:16:43.781Z,10,36,D
229732527,"閃光聽說這週末有一個潭美颱風離台灣好近 😥
為了因應這個狀況
閃光決定將午夜實驗室延期，改為以下時間👇

第一天：10/6 下午2點 ～ 晚上8點 
第二天：10/7 上午10點 ～ 晚上8點

雖然潭美颱風看起來會北移，侵台機率不高
但還是會有強大風雨的可能 😭
閃光擔心這樣小閃光們來活動的路上會發生危險
所以決定忍痛延期一個禮拜
希望各位小閃光們能夠諒解 🙇‍♂

不過！已經搶到早鳥票的小閃光們不要擔心
閃光會在【 9/28 中午12點 ～ 9/29 中午12點 】重新開啟報名通道
讓之前已報名成功的小閃光優先再報名一次 📝

還有還有～
閃光知道很多小閃光搶不到票但也很想參加 😳
所以等待之前搶到早鳥票的小閃光報名完成後
會在【  9/29 下午1點 ～ 10/3 中午12點 】開啟第二梯的報名通道

如果說這兩梯次的報名都沒搶到票也沒關係～
活動當天還是可以在現場排隊入場 👌
本次活動不管是早鳥票或現場排隊都是免費的！

最後，閃光要再提醒一次
兩個新開放搶票的梯次與搶票資格

1⃣第一梯次
對象： 已經搶到早鳥票的小閃光
時間： 9/28 中午12點 ～ 9/29 中午12點
 
2⃣第二梯次
對象： 全部的小閃光
時間： 9/29 下午1點 ～ 10/3 中午12點

以下是活動報名網站👇
https://midnightlab.dcard.tw/?dc_browser=true

沒搶到票的小閃光
記得現場還是可排隊入場喔❗

有關午夜實驗室更多資訊
請追蹤【 閃光卡稱 】以及訂閱【 午夜實驗室看板 】
閃光會不定期更新資訊～",緊急❗午夜實驗室延期公告,2018-09-26T13:11:26.449Z,2018-10-03T09:33:18.027Z,140,445,D
229732493,"我知道，我們總是再錯過，總是晚了一步
這次不要再把自己給錯過了

這次玩一點不一樣的
我知道有很多人沒搶到票，或是找不到人一起去

甚至連先前有人line群也沒跟上!
就算加了LINE群，裏頭人數也眾多，還是不知道找誰一起去

那乾脆來一對一
現在開始，還有三天的時間，只要填寫表單
我來玩一下午夜月老，勾選可以的時間，幫你配對一樣時間的異性
一同參加午夜實驗室

限定活動最後一天，十月七日
如果你有票還是願意陪對方等待，
也可以填寫

感謝各位 表單已開啟(預計星期四結單 盡量配對相同時間)
以這份表單為主 所以之前的要重新回來填喔
https://goo.gl/forms/sS7W8MnJLFWTSfcE3",月老實驗室(更新)歡迎想找人一起去的,2018-09-26T13:06:55.548Z,2018-09-30T09:45:38.590Z,57,35,M
229725573,"大家好，我是閃光✨
不是你的閃光，是 Dcard 午夜實驗室的偉大科學家 - 閃光。

今天！閃光又來公告個好消息啦 🎊
要向你們介紹閃光自己準備的午夜實驗攤位 ❤
好玩程度比去年草地遊樂場老闆辦的還要再升級（老闆別出來打我啊🖐）
10/6 、10/7 一定要記得來玩！知道嗎 🙃
沒有搶到早鳥票的不要難過 
現場還是可以排隊免費入場喔 💪

啊啊又開啟廢話模式
話不多說～閃光要直接進入主題了啦 🤩
這次總共建造了8個有趣的實驗室
要來讓小閃光們玩翻天 👏

1⃣號實驗室：電流實驗室 

小閃光們身邊有沒有一位很特別的人
想靠近又不知道怎麼靠近 😳
兩人之間總是差最後一步？
快點帶那個他/她來電流實驗室
堪稱最適合情侶、朋友，及曖昧對象來玩的攤位
讓電流快速竄流在兩人之間吧 💓

命運之鎚掌握在彼此手中
從左右兩邊各自向著彼此靠近
唯有過程中不觸碰到任何障礙物 🥅
與對方在 Dcard 中心點相遇的彼此
才是閃光認證的緣分喔！

http://i.imgur.com/bkulKpN.jpg

2⃣號實驗室：抽卡實驗室

想要和卡友來場真實的會面嗎？
你們會是彼此命中註定的緣份嗎 🤭

閃光想邀請大家來進行一場命運的實驗
參加實驗的小閃光們將各自走進一扇門 🚪
雙方看不見對方的全貌
只能藉由身體語言傳遞訊息
並決定是否揭開神秘面紗認識對方 🙈
一直到命運時刻到來時
才會知道對方有沒有選擇你

http://i.imgur.com/REDl93n.jpg

3⃣號實驗室：繽紛實驗室

閃光想著午夜實驗室這麼好玩
一定有很多小閃光們會玩到肚子咕嚕咕嚕叫 🤢
所以閃光特地準備了怎麼拍怎麼好看的甜點飲料給大家吃喝
讓你們不僅玩得愉快
還可以吃到胖一公斤出去

懂吃閃光不怕會滿足不了小閃光的胃口
只怕你們會一口接一口不想回家 🥂🍭🍫

4⃣號實驗室：扭蛋機

想知道 Dcard 和五月天的淵源是什麼嗎？
想知道 Dcard 從過去到現在共有幾篇文章嗎？
閃光搜集了 100 個有關 Dcard 小秘密 😎
即將在午夜實驗室裡首度公開！！

另外！還要偷偷跟小閃光們說
扭蛋裡不只有小秘密而已
還有超多抽到了會倒抽一口氣的禮物要送給你們喔 😍😍

http://i.imgur.com/Pf5Hb3S.jpg

5⃣號實驗室：印照區

想要保存與朋友們在午夜實驗室的快樂回憶嗎？
閃光早就貼心的想到了 👌
特別幫你們準備好印照機 📸
只要將照片上傳到自己 IG 的公開帳號
並且在內文中 #dcard 
就可以將照片免費列印下來
記錄下當天最難忘的時光 😊

6⃣號實驗室：午夜敲鐘

叮叮叮！
每個整點午夜的鐘聲將會響起🔔
當小閃們聽到鐘聲的時候
一定要記得快點跑到室外的舞台區
那裡有人要灑禮物啦 🎁

不過閃光要偷偷的告訴你們😎
只有完成台上主持人的指定任務
才可以拿走令人稱羨的禮物喔哈哈哈哈

7⃣號實驗室：午夜佈告欄
 
小閃光們來了午夜實驗室別忘了抽取一張牆上的紙條
上面放滿了閃光想偷偷對你們說的話
因為閃光有一點害羞哈哈哈
有些話只敢寫在裡面 😳
希望小閃光們能捧場的拿回家 
還......還是根本沒人希罕閃光 XD 🤨（自己先腦補）

另外～閃光也想邀請來活動現場的小閃光們
一起寫下想給其他小閃光們的紙條 📝
讓小閃光們彼此之間也能夠有互動～

想對陌生的他/她說什麼話呢？
趁著這次機會直接寫下來！
將溫馨的氣氛充滿整個午夜實驗室吧 💞

http://i.imgur.com/mga1tjs.jpg

8⃣號實驗室：快門實驗室

此實驗室非常神秘
暫時不能透露有哪些裝置 🤐
只能告訴小閃光們
不來的話.....
之後看到其他小閃光們在這裡打卡的照片
一定會非非非非常後悔 😭😭😭

好了！都介紹完了～
心動也要付出行動 🏃‍♂
午夜實驗室活動記得要出席啊
閃光要看見你們 😤😤

🔸時間 🔸
第一天：10/6 下午2點 ～ 晚上8點
第二天：10/7 上午10點 ～ 晚上8點

🔸地點 🔸
華山文創園區／紅磚西 1 館（大草皮對面！）

最後閃光還有件事想說
因為太重要了，所以要說個四遍

現場還是可以排隊免費入場喔❗

現場還是可以排隊免費入場喔❗

現場還是可以排隊免費入場喔❗

現場還是可以排隊免費入場喔❗

想知道更多資訊
記得追蹤「閃光」和訂閱午夜實驗室看板～",閃光與他的午夜實驗室攤位們,2018-09-25T13:14:44.488Z,2018-10-06T10:22:22.113Z,33,176,D
229721712,有人有多一張嗎😂😂手殘沒搶到，找人一起去,跪求一張票,2018-09-25T01:37:37.135Z,2018-09-25T01:37:37.135Z,4,6,M
229717397,"預約票的時候手殘按到兩張
現在多一張很尷尬
跪求一位一起同行的朋友🙇",有沒有人能跟我一起過去 QQ,2018-09-24T09:42:28.495Z,2018-09-24T09:42:28.495Z,19,14,M
229710763,"原本已經要整理好心情準備脫魯
希望不要影響到午夜實驗室呀",颱風別來亂呀,2018-09-23T09:20:33.008Z,2018-09-23T09:20:33.008Z,7,9,M
229697027,"大家好，我是閃光✨
不是你的閃光，是 Dcard 午夜實驗室的偉大科學家 - 閃光。

來來來！不要說閃光對你們不好
今天要跟小閃們洩漏一個獨家秘密👇

活動當天會有許多客座教授
要準備來和大家一起進行午夜小實驗～
聰明的小閃光們只要完成教授們的指定任務
就可以獲得限量禮物當作獎勵喔！
讓你們不僅在實驗室裡尬出火花還有禮物拿到手抽筋 😏
（噓🤫千萬不要跟別人說喔！）

那究竟有哪些客座教授咧？
往下看你們就知道啦～

1⃣第一位客座教授【ASUS】出場！

只要到攤位體驗 ASUS VivoBook S 的新機魅力
就直接送你大家搶著要的超萌禮物 💓

現場還會發放超級優惠的校園專案 Coupon 
要送給遠道而來的小閃光們
只有來午夜實驗室才搶得到內！
想購新機的快來嘿嘿 🤓

2⃣第二位客座教授【Costa 郵輪】

大學憶起去旅行，遊輪之旅 U&Me
2019 4/7 五天四夜大學郵輪包船團
【基隆出發：沖繩-宮古島-石垣島】
結合社交表演活動、船上度假、日本絕景旅遊的三大主題元素

不管你是想要在郵輪上體驗天天嗨不完的夜生活
還是享用吃不完的美味佳餚 🍲
船上、船下讓你想怎麼玩就怎麼玩 ⛴

午夜實驗室攤位現場將有專屬特別活動
完成任務還會送義大利啤酒
喜歡旅遊的小閃光~千萬不要錯過喔！

3⃣第三位客座教授【Meme直播】

現場下載並註冊 Meme 直播
就可以從下面的禮物中抽一組帶回家 💕

晶碩隱形眼鏡兌換券1張
校園新偶像珍貴免費票序號卡1張
台鹽生技面膜1盒
私密保養噴霧1罐
天阿～心動了沒有阿？
告訴你！還沒送完！

使用現場道具拍照打卡後上傳到社群軟體 📸並留下指定留言
例如：我輔大我驕傲、我挺MeMe校園新偶像
即可獲得代幣1枚！可以用來轉一次扭蛋
是不是很好康啊🤣🤣🤣（好老派的說法xd)

4⃣第四位客座教授【Microsoft微軟】

新一代宗師拳你聽過沒？
跟著現場工作人員學習10大招式
讓你一次學會該怎麼使用 Windows 10
體驗 Windows 新世代裝置最酷炫的設計及絕佳的效能！
另外，攤位也會準備精美禮物要讓小閃們帶回家喔 🤗

5⃣第五位客座教授【ORBIS】

你是長期被痘痘肌困擾的孩子嗎？
不怕！閃光聽見你的呼喚 😇
特別邀請了ORBIS 來用他們的產品改善小閃們的膚質
從此以後整臉清爽無油不黏膩
痘痘可以直接說掰掰囉👋

活動現場除了有你猜也猜不到的精美禮物
還有網美實驗牆及超好玩的解謎任務等你來玩🧐

6⃣第六位客座教授【台新銀行Richart】

活動當天只要加入 Richart Line 官方帳號並完成個人化服務綁定
就可以獲得 Line 刮刮樂乙張！
手氣好不好就看這一次了💪
最大獎可以擁有 Bartender 現場特調飲料 🥂
此等福利連閃光都沒有QQ

對了！小閃們可以先進來這邊完成指定任務
👉 https://goo.gl/zsP623 
這樣活動當天就不用在人群中苦苦等候啦 🙆‍♀

7⃣第七位客座教授【TikTok】

這裡有沒有熱愛夾娃娃的小閃光呀？
你！有！福！了！
只要到 TikTok 攤位指定任務
就可以獲得夾娃娃的機會🙊
送禮自用兩相宜，千萬要把握機會 ✌

另外！
如果你是個敢秀的小閃光
可以到舞台區做主持人的指定任務
完成後還能額外再多得一份好禮喔 😚

用 TikTok 拍出屬於自己的創意影片
跟著音樂的節奏
嘗試各種影片的風格及內容
紀錄下在午夜實驗室裡的快樂回憶 😁

講了這麼多好玩的攤位
如果小閃們還不來的話
閃光......閃光也不會難過的🤢
我要一個人獨吞現場的所有禮物哼哼 😈
話是這麼說啦
但閃光還是想傲嬌的貼一下活動資訊哈哈哈哈 

🔸時間 🔸
第一天：10/6 下午2點 ～ 晚上8點
第二天：10/7 上午10點 ～ 晚上8點

🔸地點 🔸
華山文創園區／紅磚西 1 館（大草皮對面！）

想知道更多資訊嗎？
記得追蹤「閃光」和訂閱午夜實驗室看板喔喔喔
閃光會不定期更新活動資訊！",午夜實驗室之超大咖客座教授要來啦！,2018-09-21T07:21:10.331Z,2018-09-26T15:38:38.051Z,12,146,D
229696833,"當初跟好友約好29要去，
結果她前兩天說不去了⋯
可4我都報名了Rrrrrrrrrrrrrrrr",被放生了⋯,2018-09-21T06:46:56.016Z,2018-09-21T06:46:56.016Z,14,17,F
229687088,"如標題因為他們也有辦一個叫這個名字ㄉ活動
好奇兩者是否有關ㄌ",這個跟klash有關ㄇ,2018-09-19T19:29:03.185Z,2018-09-19T19:29:03.185Z,5,9,F
229676893,"有人也是剛好這場的嗎朋友臨時問感覺很好玩也跟一波ㄌ
之前板上開團沒跟到所以現在想來認親(ಥ_ಥ)
有沒有人要一起去ㄉ辣不然感覺當天好邊⋯",9/30  16:00場,2018-09-18T13:58:45.433Z,2018-09-18T13:58:45.433Z,17,11,F
229651718,"嗨呦！大家好，我是閃光✨
不是你的閃光，是午夜實驗室的偉大科學家 - 閃光。
 
上一篇
https://www.dcard.tw/f/midnightlab/p/229638068
有許多人問我為什麼叫閃光✨
既然小閃光們這麼好奇
那我就來揭曉有關身世的重大秘密吧 😎

嗯～可能是因為閃光長得不錯
還是談吐幽默
我天生就容易吸引別人的目光、帶來鎂光燈
既然如此，那我何不叫自己「閃光」勒
反正人如其名啊哈哈哈哈哈 🤣
閃光就像天上的星星一樣閃耀
走到哪都是焦點 👏

好啦！回到正題
今天閃光其實是想來分享近期的一個困擾
有認真看過我自介的人應該會發現.....
閃光最近搭訕別人都會被拒絕吧 😑
算了！我猜根本沒人會注意到
自己來截圖好了！！ 這裡👇👇

http://i.imgur.com/SP9Xk3k.png

關於撩人阿～閃光大概嘗試了一百種方法吧 😤
比如高調的搭訕老梗
👉「你知道我喜歡誰嗎，不知道就看看第一個字！」
或是霸道的浪漫宣言
👉「對你這種人，除了戀愛，我沒什麼和你談的！」

可是......不知道為什麼總是屢戰屢敗
完全沒有人想理閃光
明明之前大家都說想當我的閃光呀
為何最後都華麗的失敗了勒 🤔

不過，我可是大名鼎鼎的閃光呢😏
才不會被失敗的愛情給打敗
現在對我來說最重要的事是
趕緊籌辦要給小閃光們的實體活動-午夜實驗室🌃

有沒有覺得很感動啊～～
閃光把小閃光們看得比愛情還重
都講成這樣了
會願意到場支持我吧 😎

🔸時間 🔸
第一天：10/6 下午2點 ～ 晚上8點
第二天：10/7 上午10點 ～ 晚上8點

🔸地點 🔸
華山文創園區／紅磚西 1 館（大草皮對面！）

想知道更多資訊
記得追蹤「閃光」和訂閱午夜實驗室看板喔喔喔

啊那個...沒時間的小閃光也沒關係啦
不然你們就在留言處講一句想對閃光說的話好了😏",怎樣才可以成為你的閃光？,2018-09-15T05:52:08.086Z,2018-09-26T15:39:01.992Z,18,128,D
229638068,"大家好，我是閃光✨
不是你的閃光，是 Dcard 午夜實驗室的偉大科學家 - 閃光。

http://i.imgur.com/o6xB9DW.jpg

身為一名專業的科學家💡
我從哈可星來到地球，研究如何讓自己更潮更會撩（誤）
但抽到卡友的開場白總是：「你長得好像我一個朋友喔……」

只好偷偷躲在 Dcard 螢幕後面，進行各式各樣莫名其妙的鍵盤研究！

現在來發表我的研究成果！ 將 Dcard 的秘密大公開🙌🏻

👇
👇
你知道 Dcard 卡友的菜市場名嗎？
http://i.imgur.com/7kauE3I.png

究竟 Dcard 上有多～少～文章呢？
http://i.imgur.com/7qXlYGE.png
還有好多好多 Dcard 的冷知識，例如：

⛄️Dcard 抽卡時卡友最常送出的第一句話是什麼呢？
⛄️Dcard 和五月天的淵源是什麼？
⛄️Dcard 每天午夜12點時的在線卡友有多少？

http://i.imgur.com/cVz5L0P.jpg
想了解更多稀奇古怪的 Dcard 大小事？

👉9/19 前在本篇【留言】發問，閃光將不藏私大公開！👈

答案將在10/6、10/7 Dcard 午夜實驗室公布，還有機會獲得神秘小禮物🎁，等你來探索！
 

記得＋追蹤「閃光」和訂閱-午夜實驗室板- 和卡友一起尋找彩蛋>>
 https://www.dcard.tw/f/midnightlab",Dcard 秘密大公開🎁 100個比閃光還難找的隱藏彩蛋，等你來發問！,2018-09-13T10:34:57.440Z,2018-09-26T15:44:11.183Z,1248,1846,D
229621569,"有人跟我一樣搶到29的票嗎？！
想到去年看到dcard通知
就揪了室友一起去草地遊樂場

http://i.imgur.com/wiYw3Cd.jpg

太陽好大隊伍好長😂
但工作人員很貼心給排隊的人金莎和水💕

其中最喜歡的是球池
很像回到幼稚園XD

http://i.imgur.com/NcNxubZ.jpg


http://i.imgur.com/9euLgKD.jpg

還有美美的棉花糖機～

很想要提袋所以搶早鳥報名今年的活動
超期待！

有卡友連續參加兩年嗎🙋🏻",準備二刷dcard活動🙋🏻🙋🏻,2018-09-11T08:32:07.548Z,2018-09-11T08:32:31.612Z,30,88,F
229610986,"這裡是做啥的？

有人要理一下原PO嗎？

好啦 其實有官方文章說明了啊

原PO可以去看看

另外

人家問個A

下面戰成CDE

好吧

我還是先尻尻壓個驚ㄅ",所以 我說,2018-09-09T20:22:08.922Z,2018-09-09T20:24:27.578Z,4,29,M
229601837,"由於午夜實驗室活動延期，所以原定9/29的集會取消囉，目前不確定下週的活動是否繼續參加，請靜候佳音QQQQQ
我訂好車票跟房間了(吶喊~~



嗨嗨大家~
沒有人要召喚我出場，所以只好我自己來囉XD
簡單自我介紹一下，我是去年草地遊樂園的粉紅團長(豬?)

去年的草地夥伴們打算在9/29 14:30左右再來場小小的聚會，如果你/妳在附近的草地看到""一群""穿著""粉色衣物""的人那一定就是，請不要害羞趕快加入我們的行列😂。

這次聚會採現場報名制，並無打算開任何表單喔🤪

附上我私心最喜歡的照片
http://i.imgur.com/VizsywZ.jpg

如有任何問題請留言，我會盡快回覆喔~~

去年的文
https://www.dcard.tw/f/talk/p/227325979-%E4%B8%8D%E5%8F%AF%E6%80%9D%E8%AD%B0%E7%9A%84%E8%8D%89%E5%9C%B0%E9%81%8A%E6%A8%82%E5%A0%B4%E5%9C%98
-粉紅團長",(更新~~~)9/29 粉紅草地大集合,2018-09-08T15:01:50.625Z,2018-09-26T15:01:04.816Z,34,57,M
229590820,"昨天在逛午夜實驗室有啥東西時，
發現有贊助攤位，感覺還不錯，有吃又有拿～　
以下整理好康康康康給大家～～～
(他們連結無法複製，所以我有再重新縮一次QQ 五告嘛還)
會去的舉個手👋👋👋
1. Richart：理財版的hot dog
https://i.imgur.com/JuIf7qZ.png
https://goo.gl/BUAPkv
有現場特調飲料、筆記本、VR眼鏡、帆布袋、便當盒、便條紙、L夾，
以前有抽獎抽到帆布袋，滿可愛的，完全是狗狗周邊商品XD
2. ASUS：3C板愛國貨選手
https://i.imgur.com/KrEO5sd.png
超！萌！小！禮！到底多超萌呢？我們現場看下去～
https://www.facebook.com/asus.twcampus/
3. MeMe直播：女板（還男板？）選手～
https://i.imgur.com/Uyds1Qm.png
好像沒啥禮物……
但可以找到更棒的自己～(?)
4. Costa郵輪：旅遊板派出的選手～
https://i.imgur.com/vE22eLN.png
J….J個4抽郵輪航程嗎？！
https://goo.gl/Bgri9n
5. ORBIS：是美妝板的選手！！！！
https://i.imgur.com/Oj5Me1t.png
有好拍網美實驗牆，還有神秘小禮！
https://goo.gl/jStxtc
6. TikTok：抖抖抖音？！
https://i.imgur.com/UIyN3LY.png
毫無反應，只是一個抖音？
7. 微軟：大軸的微軟～～～3C板居然出了兩個選手
https://i.imgur.com/uzFGijI.png
但豪像….很威又好像沒啥禮物啊哈哈哈哈",#整理 午夜實驗室好康康康康康,2018-09-07T04:31:21.454Z,2018-09-07T04:31:21.454Z,5,35,F
229590386,"打開分類 看到這個實驗室板 再看它的置頂文
裡面好多說要找閃光的女性
你們覺得條件好的男的會需要這活動嗎
只有來ㄩ砲的吧
在大學內這麼多男性 不會沒有人找
只有眼光太高 總想找天菜男神的
台灣女性一定不會找不到伴侶
只要標準下降一些就一定有
台男就不一樣了
看過好多幾乎沒擇偶標準的還是找無
只有被嫌棄的份


純粹來玩活動就好或ㄩ砲什麼的都隨便
但要找閃光省省吧 好的早就有人了
普通的 學校內一堆 你們又看不上",請問這裡是ㄩ砲板ㄇ,2018-09-07T02:54:25.919Z,2018-09-07T02:54:25.919Z,40,395,M
229584019,"我是這篇文的B53
要開表單要在留言收集20個+1才能開
有需要的再幫我+1哦",1006 揪團,2018-09-06T06:20:58.711Z,2018-10-01T07:58:12.859Z,60,23,F
229580876,"看不懂

這裡是做啥的

有人可以解釋嗎",這裡是做啥,2018-09-05T16:20:49.857Z,2018-09-05T16:20:49.857Z,108,59,F
229577816,"歡迎來到 🌠午夜實驗室的✨閃光後花園

在午夜實驗室板，你可以...
☑️安利閃光
☑️問和閃光有關的私人問題
☑️召喚粉紅團長
☑️交流午夜實驗室資訊

🔼如果是活動相關的問題（例如活動時間、動線詢問..）閃光看到了會盡快回復你！
❌票務問題請到臉書粉專私訊小天使，才會被快速解決喔！畢竟閃光不能直接在公開版面說出你的私人資訊😳

這裡提供閃友一個交流資訊的空間
也請大家要遵守 Dcard 板規唷🤝",歡迎來到✨午夜實驗室✨看板,2018-09-05T09:18:07.987Z,2018-09-26T15:42:35.132Z,15,86,D
229577318,"今年邊緣人有機會約一團嗎？
我是9/29的

是說 這應該可以開揪團表單吧？",大家都報哪一場？,2018-09-05T07:44:30.820Z,2018-09-05T07:44:30.820Z,71,21,M
229564489,正在尋找一起去台北華山文創園區的午夜實驗室，想說有沒有同校的同學要一起去的，在底下留言吧～,誰要一起去Dcard舉辦的午夜實驗室,2018-09-03T11:54:46.442Z,2018-09-05T07:40:50.350Z,47,9,M
229562782,"說好的兩點開始搶票呢？
點開跟我說慢了一步
刷了100次之後又說塞車中
到底是怎樣？閃光出來面對喔！
我還借了我媽的手機刷畫面...結果....

有沒有人跟我一樣搶票搶不成功？",午夜實驗室搶票失敗取暖區,2018-09-03T06:49:00.724Z,2018-09-05T07:34:47.940Z,16,16,F
229562549,"三小啦
點進去找不到場次選擇的按鍵
再退出就跟我說報名滿了

我想去啦幹😭",Dcard活動,2018-09-03T06:02:42.689Z,2018-09-06T03:20:31.250Z,9,7,F
229561581,"找人陪我去qwq

 #PRIVATE_CONTENT",狄卡午夜實驗室,2018-09-03T02:34:21.133Z,2018-09-05T07:34:47.940Z,17,7,F
229535084,"有人會要去嗎？

#PRIVATE_CONTENT",什麼午夜實驗室,2018-08-30T01:01:06.792Z,2018-09-05T07:34:47.940Z,2,3,F
229532541,"去年的草地遊樂園排隊就飽了


soju",午夜實驗室,2018-08-29T14:40:07.154Z,2018-09-05T07:34:47.940Z,6,17,M
229531681,要不要企╭(°ㅂ°)╮,午夜實驗室,2018-08-29T12:31:33.942Z,2018-09-05T07:34:47.940Z,7,33,M
229531243,"#更【活動異動】

原訂 9/29、30 在華山舉辦的午夜實驗室活動
因潭美颱風的關係決定延期
日期將調整為以下時間：

第一天：10/6 下午2點 ～ 晚上8點
第二天：10/7 上午10點 ～ 晚上8點


以下為正文～～～

http://i.imgur.com/4vR8zXi.jpg
大家好，我是閃光✨
不是你的閃光，是 Dcard 午夜實驗室的偉大科學家 - 閃光。

還記得去年9月在華山盛大舉辦的草地遊樂場嗎？
今年遊樂場進化再升級：Dcard 午夜實驗室強勢回歸！

http://i.imgur.com/lfpr2f6.jpg

閃光有感於去年草地遊樂場的盛況空前
讓卡友在戶外曬太陽辛苦排隊💦
今年 Dcard 午夜實驗室特別為卡友準備報名網站
即將在👉 9/28(五)中午 12:00 👈開放預約入場！
預約成功的早鳥除了享有 VIP 通關入場
還可以獲得實驗室超限量早鳥紀念品✨
現在就打開行事曆記下 9/28 活動開始報名📆

先去報名網站逛逛➡️
https://midnightlab.dcard.tw/?dc_browser=true

❗️萬一萬一不小心錯過了早鳥報名時間
10/6.7 現場排隊也可以入場喔！

接下來閃光帶大家看看今年 Dxard 午夜實驗室
準備了哪些超 Chill 實驗給大家玩耍呢？

🔮午夜球池🔮
3m x 3m 超大球池，站著拍、躺著拍、拿著球拍，怎麼拍都好看，朋友圈瘋狂點讚👍
http://i.imgur.com/FswMF0r.jpg

⚡️電流實驗室⚡️
命運掌握在自己手裡，小心翼翼通過走道就可以和另外一個人甜蜜爆炸，不小心碰到危險邊緣，只能觸電爆炸💥
http://i.imgur.com/Fdqi2OP.jpg

🌈彩蛋機🌈
你知道 Dcard 和五月天的淵源嗎？你知道 Dcard 抽卡最常送出的第一句話是什麼嗎？所有屬於 Dcard 人的小秘密，全都藏在彩蛋裡🙌還有機會扭到彩蛋機限定布貼！
http://i.imgur.com/c2mKX07.jpg

🌠抽卡實驗室🌠
我們把抽卡從手機螢幕搬進了 Dcard 午夜實驗室，邀請你來進行一場命運的實驗！你們會是對方的命中註定嗎？還是錯過就永遠消失的緣分？
http://i.imgur.com/PWUjduN.jpg

最神秘誘人的午夜😏
最餔昤餔昤的閃光實驗室💫
你，怎麼能錯過呢？
快跟小閃光一起討論要報名哪一場次吧🙌

立刻把網站存進書籤，9/28 報名早鳥入場☑️
https://midnightlab.dcard.tw/?dc_browser=true

⚠️特別注意⚠️
午夜實驗室為 Dcard 會員限定活動
趕快拉你的閨蜜男友紅粉知己先註冊一波
9/28 就可以光速卡位成功！

10/6.7 Dcard 午夜實驗室在華山西一館
閃光等你和卡友一起擦出新火花🌟

✉️在這篇文章留言即可和閃光成為 Dcard 好友
不定時收到閃光的私密站內信唷💞

回顧草地遊樂場精彩文章👉
https://www.dcard.tw/f/freshman/p/227219502
https://www.dcard.tw/f/talk/p/227313556
https://www.dcard.tw/f/talk/p/227325979",Dcard 午夜實驗室 10/6.7華山登場！,2018-08-29T11:25:30.284Z,2020-02-27T02:54:18.930Z,734,1085,D
